INSERT INTO public.role (id, role) VALUES (1, 'admin');
INSERT INTO public.role (id, role) VALUES (2, 'user');

INSERT INTO public.message_status (id, status) VALUES (1, 'new');
INSERT INTO public.message_status (id, status) VALUES (2, 'read');

INSERT INTO public.file_type (id, name, path) VALUES (1, 'USER_IMAGE', '/Volumes/Storage/temp/sm/');
INSERT INTO public.file_type (id, name, path) VALUES (2, 'CATEGORY_IMAGE', '/Volumes/Storage/temp/sm/');
INSERT INTO public.file_type (id, name, path) VALUES (3, 'GIFT_IMAGE', '/Volumes/Storage/temp/sm/');

INSERT INTO public.file (id, name, type_id) VALUES (1, 'category_technology', 2);
INSERT INTO public.file (id, name, type_id) VALUES (2, 'category_women', 2);
INSERT INTO public.file (id, name, type_id) VALUES (3, 'category_men', 2);
INSERT INTO public.file (id, name, type_id) VALUES (4, 'category_children', 2);
INSERT INTO public.file (id, name, type_id) VALUES (5, 'category_big_price', 2);
INSERT INTO public.file (id, name, type_id) VALUES (6, 'iphone4', 3);
INSERT INTO public.file (id, name, type_id) VALUES (7, 'iphone4s', 3);
INSERT INTO public.file (id, name, type_id) VALUES (8, 'iphone5c', 3);
INSERT INTO public.file (id, name, type_id) VALUES (9, 'iphone5s', 3);
INSERT INTO public.file (id, name, type_id) VALUES (10, 'user_no_photo', 1);
INSERT INTO public.file (id, name, type_id) VALUES (11, 'audiq7', 3);
INSERT INTO public.file (id, name, type_id) VALUES (12, 'phen', 3);
INSERT INTO public.file (id, name, type_id) VALUES (13, 'razor', 3);

INSERT INTO public.gift_category (id, code, name, description, file_id) VALUES (1, 'tech', 'Технологии', 'Технологические новинки и прочее барахло', 1);
INSERT INTO public.gift_category (id, code, name, description, file_id) VALUES (2, 'women', 'Для слабого пола', 'Женские штучк-дрючки', 2);
INSERT INTO public.gift_category (id, code, name, description, file_id) VALUES (3, 'man', 'Для сильного пола', 'Лучший мужской подарок', 3);
INSERT INTO public.gift_category (id, code, name, description, file_id) VALUES (4, 'children', 'Дети - цветы жизни', 'Цветы детям не надо дарить, но конструктор Lego - вполне!', 4);
INSERT INTO public.gift_category (id, code, name, description, file_id) VALUES (5, 'expensive', 'Дорого и бесценно', 'Подарок бесценнен, а дорогой подарок еще дороже', 5);


INSERT INTO public.shop (uuid, name, description) VALUES ('shop0000-0000-0000-0000-000000000001', 'Ebay', 'Some Description 1');
INSERT INTO public.shop (uuid, name, description) VALUES ('shop0000-0000-0000-0000-000000000002', 'Amazon', 'Some Description 2');
INSERT INTO public.shop (uuid, name, description) VALUES ('shop0000-0000-0000-0000-000000000003', 'AliExpress', 'Some Description 3');
INSERT INTO public.shop (uuid, name, description) VALUES ('shop0000-0000-0000-0000-000000000004', 'Avito', 'Some Description 4');


INSERT INTO public.gift (uuid, name, description, add_date, category_id) VALUES ('gift0000-0000-0000-0000-000000000001', 'iPhone 4',  'Супер новмодный телефон - будь как все!', now(),                 1);
INSERT INTO public.gift (uuid, name, description, add_date, category_id) VALUES ('gift0000-0000-0000-0000-000000000002', 'iPhone 4s', 'Супер новмодный телефон - будь как все!', '2014-01-13 13:29:14', 1);
INSERT INTO public.gift (uuid, name, description, add_date, category_id) VALUES ('gift0000-0000-0000-0000-000000000003', 'iPhone 5c', 'Супер новмодный телефон - будь как все!', '2013-02-13 13:29:14', 1);
INSERT INTO public.gift (uuid, name, description, add_date, category_id) VALUES ('gift0000-0000-0000-0000-000000000004', 'iPhone 5s', 'Супер новмодный телефон - будь как все!', '2013-02-13 13:29:14', 1);
INSERT INTO public.gift (uuid, name, description, add_date, category_id) VALUES ('gift0000-0000-0000-0000-000000000005', 'Phen',      'Невероятный фен для волос и не только',   '2012-02-13 13:29:14', 2);
INSERT INTO public.gift (uuid, name, description, add_date, category_id) VALUES ('gift0000-0000-0000-0000-000000000006', 'Razor 3000','Реальная бритва! Для реальных пацанов!',  '2012-02-13 13:29:14', 3);
INSERT INTO public.gift (uuid, name, description, add_date, category_id) VALUES ('gift0000-0000-0000-0000-000000000007', 'Audi Q7',   'Wow, wow, по легче!',                     '2012-02-13 13:29:14', 5);

INSERT INTO public.gift_shop (uuid, shop_uuid, gift_uuid, price, discount) VALUES ('shopgift-0000-0000-0000-000000000001', 'shop0000-0000-0000-0000-000000000001', 'gift0000-0000-0000-0000-000000000001', '100', 0);
INSERT INTO public.gift_shop (uuid, shop_uuid, gift_uuid, price, discount) VALUES ('shopgift-0000-0000-0000-000000000002', 'shop0000-0000-0000-0000-000000000002', 'gift0000-0000-0000-0000-000000000002', '110', 0);
INSERT INTO public.gift_shop (uuid, shop_uuid, gift_uuid, price, discount) VALUES ('shopgift-0000-0000-0000-000000000003', 'shop0000-0000-0000-0000-000000000003', 'gift0000-0000-0000-0000-000000000003', '111', 0);
INSERT INTO public.gift_shop (uuid, shop_uuid, gift_uuid, price, discount) VALUES ('shopgift-0000-0000-0000-000000000004', 'shop0000-0000-0000-0000-000000000004', 'gift0000-0000-0000-0000-000000000004', '001', 0);
INSERT INTO public.gift_shop (uuid, shop_uuid, gift_uuid, price, discount) VALUES ('shopgift-0000-0000-0000-000000000005', 'shop0000-0000-0000-0000-000000000004', 'gift0000-0000-0000-0000-000000000005', '001', 0);
INSERT INTO public.gift_shop (uuid, shop_uuid, gift_uuid, price, discount) VALUES ('shopgift-0000-0000-0000-000000000006', 'shop0000-0000-0000-0000-000000000004', 'gift0000-0000-0000-0000-000000000006', '001', 0);
INSERT INTO public.gift_shop (uuid, shop_uuid, gift_uuid, price, discount) VALUES ('shopgift-0000-0000-0000-000000000007', 'shop0000-0000-0000-0000-000000000001', 'gift0000-0000-0000-0000-000000000007', '001', 0);

INSERT INTO public.gift_files (id, file_id, gift_uuid) VALUES (1, 6,  'gift0000-0000-0000-0000-000000000001');
INSERT INTO public.gift_files (id, file_id, gift_uuid) VALUES (2, 7,  'gift0000-0000-0000-0000-000000000002');
INSERT INTO public.gift_files (id, file_id, gift_uuid) VALUES (3, 8,  'gift0000-0000-0000-0000-000000000003');
INSERT INTO public.gift_files (id, file_id, gift_uuid) VALUES (4, 9,  'gift0000-0000-0000-0000-000000000004');
INSERT INTO public.gift_files (id, file_id, gift_uuid) VALUES (5, 12, 'gift0000-0000-0000-0000-000000000005');
INSERT INTO public.gift_files (id, file_id, gift_uuid) VALUES (6, 13, 'gift0000-0000-0000-0000-000000000006');
INSERT INTO public.gift_files (id, file_id, gift_uuid) VALUES (7, 11, 'gift0000-0000-0000-0000-000000000007');

INSERT INTO public.users (uuid, username, first_name, last_name, middle_name, birth_date, gender, address, address_visible, profile_visible, cellphone, cellphone_visible, file_id, registration_date, social_id, auth_provider_id, email, password, enabled) VALUES ('user000-0000-0000-0000-000000000001', 'artur', 'Артур', 'Карапетов', 'Григорьевич', now(), true, null, false, true, null, false, 10, now(), null, 1, 'dikkini@gmail.com', 'bcf8d7beb85830fe3bd787c82c3bc881e91b23c0b5de39d0344d4c47b7bae2f1fcf916d27082d65f', true);
INSERT INTO public.users (uuid, username, first_name, last_name, middle_name, birth_date, gender, address, address_visible, profile_visible, cellphone, cellphone_visible, file_id, registration_date, social_id, auth_provider_id, email, password, enabled) VALUES ('user000-0000-0000-0000-000000000002', 'test2', 'Макс', 'Тестовый', null, now(), true, null, false, true, null, false, 10, now(), null, 1, 'test1@gmail.com', 'bcf8d7beb85830fe3bd787c82c3bc881e91b23c0b5de39d0344d4c47b7bae2f1fcf916d27082d65f', true);
INSERT INTO public.users (uuid, username, first_name, last_name, middle_name, birth_date, gender, address, address_visible, profile_visible, cellphone, cellphone_visible, file_id, registration_date, social_id, auth_provider_id, email, password, enabled) VALUES ('user000-0000-0000-0000-000000000003', 'test3', 'Антон', 'Тестовый', null, now(), true, null, false, true, null, false, 10, now(), null, 1, 'test2@gmail.com', 'bcf8d7beb85830fe3bd787c82c3bc881e91b23c0b5de39d0344d4c47b7bae2f1fcf916d27082d65f', true);
INSERT INTO public.users (uuid, username, first_name, last_name, middle_name, birth_date, gender, address, address_visible, profile_visible, cellphone, cellphone_visible, file_id, registration_date, social_id, auth_provider_id, email, password, enabled) VALUES ('user000-0000-0000-0000-000000000004', 'test4', 'Кирилл', 'Тестовый', null, now(), true, null, false, true, null, false, 10, now(), null, 1, 'test3@gmail.com', 'bcf8d7beb85830fe3bd787c82c3bc881e91b23c0b5de39d0344d4c47b7bae2f1fcf916d27082d65f', true);
INSERT INTO public.users (uuid, username, first_name, last_name, middle_name, birth_date, gender, address, address_visible, profile_visible, cellphone, cellphone_visible, file_id, registration_date, social_id, auth_provider_id, email, password, enabled) VALUES ('user000-0000-0000-0000-000000000005', 'test5', 'Олег', 'Тестовый', null, now(), true, null, false, true, null, false, 10, now(), null, 1, 'test4@gmail.com', 'bcf8d7beb85830fe3bd787c82c3bc881e91b23c0b5de39d0344d4c47b7bae2f1fcf916d27082d65f', true);
INSERT INTO public.users (uuid, username, first_name, last_name, middle_name, birth_date, gender, address, address_visible, profile_visible, cellphone, cellphone_visible, file_id, registration_date, social_id, auth_provider_id, email, password, enabled) VALUES ('user000-0000-0000-0000-000000000006', 'test6', 'Петр', 'Тестовый', null, now(), true, null, false, true, null, false, 10, now(), null, 1, 'test5@gmail.com', 'bcf8d7beb85830fe3bd787c82c3bc881e91b23c0b5de39d0344d4c47b7bae2f1fcf916d27082d65f', true);
INSERT INTO public.users (uuid, username, first_name, last_name, middle_name, birth_date, gender, address, address_visible, profile_visible, cellphone, cellphone_visible, file_id, registration_date, social_id, auth_provider_id, email, password, enabled) VALUES ('user000-0000-0000-0000-000000000007', 'test7', 'Илья', 'Тестовый', null, now(), true, null, false, true, null, false, 10, now(), null, 1, 'test6@gmail.com', 'bcf8d7beb85830fe3bd787c82c3bc881e91b23c0b5de39d0344d4c47b7bae2f1fcf916d27082d65f', true);
INSERT INTO public.users (uuid, username, first_name, last_name, middle_name, birth_date, gender, address, address_visible, profile_visible, cellphone, cellphone_visible, file_id, registration_date, social_id, auth_provider_id, email, password, enabled) VALUES ('user000-0000-0000-0000-000000000008', 'test8', 'Лида', 'Тестовая', null, now(), true, null, false, true, null, false, 10, now(), null, 1, 'test7@gmail.com', 'bcf8d7beb85830fe3bd787c82c3bc881e91b23c0b5de39d0344d4c47b7bae2f1fcf916d27082d65f', true);
INSERT INTO public.users (uuid, username, first_name, last_name, middle_name, birth_date, gender, address, address_visible, profile_visible, cellphone, cellphone_visible, file_id, registration_date, social_id, auth_provider_id, email, password, enabled) VALUES ('user000-0000-0000-0000-000000000009', 'test9', 'Маша', 'Тестовая', null, now(), true, null, false, true, null, false, 10, now(), null, 1, 'test8@gmail.com', 'bcf8d7beb85830fe3bd787c82c3bc881e91b23c0b5de39d0344d4c47b7bae2f1fcf916d27082d65f', true);
INSERT INTO public.users (uuid, username, first_name, last_name, middle_name, birth_date, gender, address, address_visible, profile_visible, cellphone, cellphone_visible, file_id, registration_date, social_id, auth_provider_id, email, password, enabled) VALUES ('user000-0000-0000-0000-0000000000010', 'tes10', 'Таня', 'Тестовая', null, now(), true, null, false, true, null, false, 10, now(), null, 1, 'test9@gmail.com', 'bcf8d7beb85830fe3bd787c82c3bc881e91b23c0b5de39d0344d4c47b7bae2f1fcf916d27082d65f', true);
INSERT INTO public.users (uuid, username, first_name, last_name, middle_name, birth_date, gender, address, address_visible, profile_visible, cellphone, cellphone_visible, file_id, registration_date, social_id, auth_provider_id, email, password, enabled) VALUES ('user000-0000-0000-0000-0000000000011', 'tes11', 'Ксюша', 'Тестовая', null, now(), true, null, false, true, null, false, 10, now(), null, 1, 'test10@gmail.com', 'bcf8d7beb85830fe3bd787c82c3bc881e91b23c0b5de39d0344d4c47b7bae2f1fcf916d27082d65f', true);
INSERT INTO public.users (uuid, username, first_name, last_name, middle_name, birth_date, gender, address, address_visible, profile_visible, cellphone, cellphone_visible, file_id, registration_date, social_id, auth_provider_id, email, password, enabled) VALUES ('user000-0000-0000-0000-0000000000012', 'tes12', 'Андрей', 'Тестовый', null, now(), true, null, false, true, null, false, 10, now(), null, 1, 'test11@gmail.com', 'bcf8d7beb85830fe3bd787c82c3bc881e91b23c0b5de39d0344d4c47b7bae2f1fcf916d27082d65f', true);
INSERT INTO public.users (uuid, username, first_name, last_name, middle_name, birth_date, gender, address, address_visible, profile_visible, cellphone, cellphone_visible, file_id, registration_date, social_id, auth_provider_id, email, password, enabled) VALUES ('user000-0000-0000-0000-0000000000013', 'tes13', 'Леонид', 'Тестовый', null, now(), true, null, false, true, null, false, 10, now(), null, 1, 'test12@gmail.com', 'bcf8d7beb85830fe3bd787c82c3bc881e91b23c0b5de39d0344d4c47b7bae2f1fcf916d27082d65f', true);
INSERT INTO public.users (uuid, username, first_name, last_name, middle_name, birth_date, gender, address, address_visible, profile_visible, cellphone, cellphone_visible, file_id, registration_date, social_id, auth_provider_id, email, password, enabled) VALUES ('user000-0000-0000-0000-0000000000014', 'tes14', 'Николай', 'Тестовый', null, now(), true, null, false, true, null, false, 10, now(), null, 1, 'test13@gmail.com', 'bcf8d7beb85830fe3bd787c82c3bc881e91b23c0b5de39d0344d4c47b7bae2f1fcf916d27082d65f', true);
INSERT INTO public.users (uuid, username, first_name, last_name, middle_name, birth_date, gender, address, address_visible, profile_visible, cellphone, cellphone_visible, file_id, registration_date, social_id, auth_provider_id, email, password, enabled) VALUES ('user000-0000-0000-0000-0000000000015', 'tes15', 'Иван', 'Тестовый', null, now(), true, null, false, true, null, false, 10, now(), null, 1, 'test14@gmail.com', 'bcf8d7beb85830fe3bd787c82c3bc881e91b23c0b5de39d0344d4c47b7bae2f1fcf916d27082d65f', true);
INSERT INTO public.users (uuid, username, first_name, last_name, middle_name, birth_date, gender, address, address_visible, profile_visible, cellphone, cellphone_visible, file_id, registration_date, social_id, auth_provider_id, email, password, enabled) VALUES ('user000-0000-0000-0000-0000000000016', 'tes16', 'Дима', 'Тестовый', null, now(), true, null, false, true, null, false, 10, now(), null, 1, 'test15@gmail.com', 'bcf8d7beb85830fe3bd787c82c3bc881e91b23c0b5de39d0344d4c47b7bae2f1fcf916d27082d65f', true);
INSERT INTO public.users (uuid, username, first_name, last_name, middle_name, birth_date, gender, address, address_visible, profile_visible, cellphone, cellphone_visible, file_id, registration_date, social_id, auth_provider_id, email, password, enabled) VALUES ('user000-0000-0000-0000-0000000000017', 'tes17', 'Саша', 'Тестовый', null, now(), true, null, false, true, null, false, 10, now(), null, 1, 'test16@gmail.com', 'bcf8d7beb85830fe3bd787c82c3bc881e91b23c0b5de39d0344d4c47b7bae2f1fcf916d27082d65f', true);
INSERT INTO public.users (uuid, username, first_name, last_name, middle_name, birth_date, gender, address, address_visible, profile_visible, cellphone, cellphone_visible, file_id, registration_date, social_id, auth_provider_id, email, password, enabled) VALUES ('user000-0000-0000-0000-0000000000018', 'tes18', 'Миша', 'Тестовый', null, now(), true, null, false, true, null, false, 10, now(), null, 1, 'test17@gmail.com', 'bcf8d7beb85830fe3bd787c82c3bc881e91b23c0b5de39d0344d4c47b7bae2f1fcf916d27082d65f', true);
INSERT INTO public.users (uuid, username, first_name, last_name, middle_name, birth_date, gender, address, address_visible, profile_visible, cellphone, cellphone_visible, file_id, registration_date, social_id, auth_provider_id, email, password, enabled) VALUES ('user000-0000-0000-0000-0000000000019', 'tes19', 'Ренат', 'Тестовый', null, now(), true, null, false, true, null, false, 10, now(), null, 1, 'test18@gmail.com', 'bcf8d7beb85830fe3bd787c82c3bc881e91b23c0b5de39d0344d4c47b7bae2f1fcf916d27082d65f', true);
INSERT INTO public.users (uuid, username, first_name, last_name, middle_name, birth_date, gender, address, address_visible, profile_visible, cellphone, cellphone_visible, file_id, registration_date, social_id, auth_provider_id, email, password, enabled) VALUES ('user000-0000-0000-0000-0000000000020', 'tes20', 'Артем', 'Тестовый', null, now(), true, null, false, true, null, false, 10, now(), null, 1, 'test19@gmail.com', 'bcf8d7beb85830fe3bd787c82c3bc881e91b23c0b5de39d0344d4c47b7bae2f1fcf916d27082d65f', true);
INSERT INTO public.users (uuid, username, first_name, last_name, middle_name, birth_date, gender, address, address_visible, profile_visible, cellphone, cellphone_visible, file_id, registration_date, social_id, auth_provider_id, email, password, enabled) VALUES ('user000-0000-0000-0000-0000000000021', 'tes21', 'Валерий', 'Тестовый', null, now(), true, null, false, true, null, false, 10, now(), null, 1, 'test20@gmail.com', 'bcf8d7beb85830fe3bd787c82c3bc881e91b23c0b5de39d0344d4c47b7bae2f1fcf916d27082d65f', true);
INSERT INTO public.users (uuid, username, first_name, last_name, middle_name, birth_date, gender, address, address_visible, profile_visible, cellphone, cellphone_visible, file_id, registration_date, social_id, auth_provider_id, email, password, enabled) VALUES ('user000-0000-0000-0000-0000000000022', 'tes22', 'Юрий', 'Тестовый', null, now(), true, null, false, true, null, false, 10, now(), null, 1, 'test21@gmail.com', 'bcf8d7beb85830fe3bd787c82c3bc881e91b23c0b5de39d0344d4c47b7bae2f1fcf916d27082d65f', true);
INSERT INTO public.users (uuid, username, first_name, last_name, middle_name, birth_date, gender, address, address_visible, profile_visible, cellphone, cellphone_visible, file_id, registration_date, social_id, auth_provider_id, email, password, enabled) VALUES ('user000-0000-0000-0000-0000000000023', 'tes23', 'Юля', 'Тестовая', null, now(), true, null, false, true, null, false, 10, now(), null, 1, 'test22@gmail.com', 'bcf8d7beb85830fe3bd787c82c3bc881e91b23c0b5de39d0344d4c47b7bae2f1fcf916d27082d65f', true);
INSERT INTO public.users (uuid, username, first_name, last_name, middle_name, birth_date, gender, address, address_visible, profile_visible, cellphone, cellphone_visible, file_id, registration_date, social_id, auth_provider_id, email, password, enabled) VALUES ('user000-0000-0000-0000-0000000000024', 'tes24', 'Григорий', 'Тестовый', null, now(), true, null, false, true, null, false, 10, now(), null, 1, 'test23@gmail.com', 'bcf8d7beb85830fe3bd787c82c3bc881e91b23c0b5de39d0344d4c47b7bae2f1fcf916d27082d65f', true);
INSERT INTO public.users (uuid, username, first_name, last_name, middle_name, birth_date, gender, address, address_visible, profile_visible, cellphone, cellphone_visible, file_id, registration_date, social_id, auth_provider_id, email, password, enabled) VALUES ('user000-0000-0000-0000-0000000000025', 'tes25', 'Карина', 'Тестовая', null, now(), true, null, false, true, null, false, 10, now(), null, 1, 'test24@gmail.com', 'bcf8d7beb85830fe3bd787c82c3bc881e91b23c0b5de39d0344d4c47b7bae2f1fcf916d27082d65f', true);
INSERT INTO public.users (uuid, username, first_name, last_name, middle_name, birth_date, gender, address, address_visible, profile_visible, cellphone, cellphone_visible, file_id, registration_date, social_id, auth_provider_id, email, password, enabled) VALUES ('user000-0000-0000-0000-0000000000026', 'tes26', 'Лена', 'Тестовая', null, now(), true, null, false, true, null, false, 10, now(), null, 1, 'test25@gmail.com', 'bcf8d7beb85830fe3bd787c82c3bc881e91b23c0b5de39d0344d4c47b7bae2f1fcf916d27082d65f', true);
INSERT INTO public.users (uuid, username, first_name, last_name, middle_name, birth_date, gender, address, address_visible, profile_visible, cellphone, cellphone_visible, file_id, registration_date, social_id, auth_provider_id, email, password, enabled) VALUES ('user000-0000-0000-0000-0000000000027', 'tes27', 'Оксана', 'Тестовая', null, now(), true, null, false, true, null, false, 10, now(), null, 1, 'test26@gmail.com', 'bcf8d7beb85830fe3bd787c82c3bc881e91b23c0b5de39d0344d4c47b7bae2f1fcf916d27082d65f', true);
INSERT INTO public.users (uuid, username, first_name, last_name, middle_name, birth_date, gender, address, address_visible, profile_visible, cellphone, cellphone_visible, file_id, registration_date, social_id, auth_provider_id, email, password, enabled) VALUES ('user000-0000-0000-0000-0000000000028', 'tes28', 'Лиза', 'Тестовая', null, now(), true, null, false, true, null, false, 10, now(), null, 1, 'test27@gmail.com', 'bcf8d7beb85830fe3bd787c82c3bc881e91b23c0b5de39d0344d4c47b7bae2f1fcf916d27082d65f', true);
INSERT INTO public.users (uuid, username, first_name, last_name, middle_name, birth_date, gender, address, address_visible, profile_visible, cellphone, cellphone_visible, file_id, registration_date, social_id, auth_provider_id, email, password, enabled) VALUES ('user000-0000-0000-0000-0000000000029', 'tes29', 'Света', 'Тестовая', null, now(), true, null, false, true, null, false, 10, now(), null, 1, 'test28@gmail.com', 'bcf8d7beb85830fe3bd787c82c3bc881e91b23c0b5de39d0344d4c47b7bae2f1fcf916d27082d65f', true);
INSERT INTO public.users (uuid, username, first_name, last_name, middle_name, birth_date, gender, address, address_visible, profile_visible, cellphone, cellphone_visible, file_id, registration_date, social_id, auth_provider_id, email, password, enabled) VALUES ('user000-0000-0000-0000-0000000000030', 'tes30', 'Катя', 'Тестовая', null, now(), true, null, false, true, null, false, 10, now(), null, 1, 'test29@gmail.com', 'bcf8d7beb85830fe3bd787c82c3bc881e91b23c0b5de39d0344d4c47b7bae2f1fcf916d27082d65f', true);
INSERT INTO public.users (uuid, username, first_name, last_name, middle_name, birth_date, gender, address, address_visible, profile_visible, cellphone, cellphone_visible, file_id, registration_date, social_id, auth_provider_id, email, password, enabled) VALUES ('user000-0000-0000-0000-0000000000031', 'tes31', 'Даша', 'Тестовая', null, now(), true, null, false, true, null, false, 10, now(), null, 1, 'test30@gmail.com', 'bcf8d7beb85830fe3bd787c82c3bc881e91b23c0b5de39d0344d4c47b7bae2f1fcf916d27082d65f', true);
INSERT INTO public.users (uuid, username, first_name, last_name, middle_name, birth_date, gender, address, address_visible, profile_visible, cellphone, cellphone_visible, file_id, registration_date, social_id, auth_provider_id, email, password, enabled) VALUES ('user000-0000-0000-0000-0000000000032', 'tes32', 'Оля', 'Тестовая', null, now(), true, null, false, true, null, false, 10, now(), null, 1, 'test31@gmail.com', 'bcf8d7beb85830fe3bd787c82c3bc881e91b23c0b5de39d0344d4c47b7bae2f1fcf916d27082d65f', true);
INSERT INTO public.users (uuid, username, first_name, last_name, middle_name, birth_date, gender, address, address_visible, profile_visible, cellphone, cellphone_visible, file_id, registration_date, social_id, auth_provider_id, email, password, enabled) VALUES ('user000-0000-0000-0000-0000000000033', 'tes33', 'Коля', 'Тестовый', null, now(), true, null, false, true, null, false, 10, now(), null, 1, 'test32@gmail.com', 'bcf8d7beb85830fe3bd787c82c3bc881e91b23c0b5de39d0344d4c47b7bae2f1fcf916d27082d65f', true);
INSERT INTO public.users (uuid, username, first_name, last_name, middle_name, birth_date, gender, address, address_visible, profile_visible, cellphone, cellphone_visible, file_id, registration_date, social_id, auth_provider_id, email, password, enabled) VALUES ('user000-0000-0000-0000-0000000000034', 'tes34', 'Дмитрий', 'Тестовый', null, now(), true, null, false, true, null, false, 10, now(), null, 1, 'test33@gmail.com', 'bcf8d7beb85830fe3bd787c82c3bc881e91b23c0b5de39d0344d4c47b7bae2f1fcf916d27082d65f', true);
INSERT INTO public.users (uuid, username, first_name, last_name, middle_name, birth_date, gender, address, address_visible, profile_visible, cellphone, cellphone_visible, file_id, registration_date, social_id, auth_provider_id, email, password, enabled) VALUES ('user000-0000-0000-0000-0000000000035', 'tes35', 'Сюзана', 'Тестовая', null, now(), true, null, false, true, null, false, 10, now(), null, 1, 'test34@gmail.com', 'bcf8d7beb85830fe3bd787c82c3bc881e91b23c0b5de39d0344d4c47b7bae2f1fcf916d27082d65f', true);
INSERT INTO public.users (uuid, username, first_name, last_name, middle_name, birth_date, gender, address, address_visible, profile_visible, cellphone, cellphone_visible, file_id, registration_date, social_id, auth_provider_id, email, password, enabled) VALUES ('user000-0000-0000-0000-0000000000036', 'tes36', 'Карине', 'Тестовая', null, now(), true, null, false, true, null, false, 10, now(), null, 1, 'test35@gmail.com', 'bcf8d7beb85830fe3bd787c82c3bc881e91b23c0b5de39d0344d4c47b7bae2f1fcf916d27082d65f', true);
INSERT INTO public.users (uuid, username, first_name, last_name, middle_name, birth_date, gender, address, address_visible, profile_visible, cellphone, cellphone_visible, file_id, registration_date, social_id, auth_provider_id, email, password, enabled) VALUES ('user000-0000-0000-0000-0000000000037', 'tes37', 'Наташа', 'Тестовая', null, now(), true, null, false, true, null, false, 10, now(), null, 1, 'test36@gmail.com', 'bcf8d7beb85830fe3bd787c82c3bc881e91b23c0b5de39d0344d4c47b7bae2f1fcf916d27082d65f', true);
INSERT INTO public.users (uuid, username, first_name, last_name, middle_name, birth_date, gender, address, address_visible, profile_visible, cellphone, cellphone_visible, file_id, registration_date, social_id, auth_provider_id, email, password, enabled) VALUES ('user000-0000-0000-0000-0000000000038', 'tes38', 'Ира', 'Тестовая', null, now(), true, null, false, true, null, false, 10, now(), null, 1, 'test37@gmail.com', 'bcf8d7beb85830fe3bd787c82c3bc881e91b23c0b5de39d0344d4c47b7bae2f1fcf916d27082d65f', true);
INSERT INTO public.users (uuid, username, first_name, last_name, middle_name, birth_date, gender, address, address_visible, profile_visible, cellphone, cellphone_visible, file_id, registration_date, social_id, auth_provider_id, email, password, enabled) VALUES ('user000-0000-0000-0000-0000000000039', 'tes39', 'Ольга', 'Тестовая', null, now(), true, null, false, true, null, false, 10, now(), null, 1, 'test38@gmail.com', 'bcf8d7beb85830fe3bd787c82c3bc881e91b23c0b5de39d0344d4c47b7bae2f1fcf916d27082d65f', true);
INSERT INTO public.users (uuid, username, first_name, last_name, middle_name, birth_date, gender, address, address_visible, profile_visible, cellphone, cellphone_visible, file_id, registration_date, social_id, auth_provider_id, email, password, enabled) VALUES ('user000-0000-0000-0000-0000000000040', 'tes40', 'Светлана', 'Тестовая', null, now(), true, null, false, true, null, false, 10, now(), null, 1, 'test39@gmail.com', 'bcf8d7beb85830fe3bd787c82c3bc881e91b23c0b5de39d0344d4c47b7bae2f1fcf916d27082d65f', true);
INSERT INTO public.users (uuid, username, first_name, last_name, middle_name, birth_date, gender, address, address_visible, profile_visible, cellphone, cellphone_visible, file_id, registration_date, social_id, auth_provider_id, email, password, enabled) VALUES ('user000-0000-0000-0000-0000000000041', 'tes41', 'Танька', 'Тестовая', null, now(), true, null, false, true, null, false, 10, now(), null, 1, 'test40@gmail.com', 'bcf8d7beb85830fe3bd787c82c3bc881e91b23c0b5de39d0344d4c47b7bae2f1fcf916d27082d65f', true);
INSERT INTO public.user_roles (uuid, username, role) VALUES ('userrol-0000-0000-0000-0000000000001', 'artur', 'user');
INSERT INTO public.user_roles (uuid, username, role) VALUES ('userrol-0000-0000-0000-0000000000002', 'test2', 'user');
INSERT INTO public.user_roles (uuid, username, role) VALUES ('userrol-0000-0000-0000-0000000000003', 'test3', 'user');
INSERT INTO public.user_roles (uuid, username, role) VALUES ('userrol-0000-0000-0000-0000000000004', 'test4', 'user');
INSERT INTO public.user_roles (uuid, username, role) VALUES ('userrol-0000-0000-0000-0000000000005', 'test5', 'user');
INSERT INTO public.user_roles (uuid, username, role) VALUES ('userrol-0000-0000-0000-0000000000006', 'test6', 'user');
INSERT INTO public.user_roles (uuid, username, role) VALUES ('userrol-0000-0000-0000-0000000000007', 'test7', 'user');
INSERT INTO public.user_roles (uuid, username, role) VALUES ('userrol-0000-0000-0000-0000000000008', 'test8', 'user');
INSERT INTO public.user_roles (uuid, username, role) VALUES ('userrol-0000-0000-0000-0000000000009', 'test9', 'user');
INSERT INTO public.user_roles (uuid, username, role) VALUES ('userrol-0000-0000-0000-0000000000010', 'tes10', 'user');
INSERT INTO public.user_roles (uuid, username, role) VALUES ('userrol-0000-0000-0000-0000000000011', 'tes11', 'user');
INSERT INTO public.user_roles (uuid, username, role) VALUES ('userrol-0000-0000-0000-0000000000012', 'tes12', 'user');
INSERT INTO public.user_roles (uuid, username, role) VALUES ('userrol-0000-0000-0000-0000000000013', 'tes13', 'user');
INSERT INTO public.user_roles (uuid, username, role) VALUES ('userrol-0000-0000-0000-0000000000014', 'tes14', 'user');
INSERT INTO public.user_roles (uuid, username, role) VALUES ('userrol-0000-0000-0000-0000000000015', 'tes15', 'user');
INSERT INTO public.user_roles (uuid, username, role) VALUES ('userrol-0000-0000-0000-0000000000016', 'tes16', 'user');
INSERT INTO public.user_roles (uuid, username, role) VALUES ('userrol-0000-0000-0000-0000000000017', 'tes17', 'user');
INSERT INTO public.user_roles (uuid, username, role) VALUES ('userrol-0000-0000-0000-0000000000018', 'tes18', 'user');
INSERT INTO public.user_roles (uuid, username, role) VALUES ('userrol-0000-0000-0000-0000000000019', 'tes19', 'user');
INSERT INTO public.user_roles (uuid, username, role) VALUES ('userrol-0000-0000-0000-0000000000020', 'tes20', 'user');
INSERT INTO public.user_roles (uuid, username, role) VALUES ('userrol-0000-0000-0000-0000000000021', 'tes21', 'user');
INSERT INTO public.user_roles (uuid, username, role) VALUES ('userrol-0000-0000-0000-0000000000022', 'tes22', 'user');
INSERT INTO public.user_roles (uuid, username, role) VALUES ('userrol-0000-0000-0000-0000000000023', 'tes23', 'user');
INSERT INTO public.user_roles (uuid, username, role) VALUES ('userrol-0000-0000-0000-0000000000024', 'tes24', 'user');
INSERT INTO public.user_roles (uuid, username, role) VALUES ('userrol-0000-0000-0000-0000000000025', 'tes25', 'user');
INSERT INTO public.user_roles (uuid, username, role) VALUES ('userrol-0000-0000-0000-0000000000026', 'tes26', 'user');
INSERT INTO public.user_roles (uuid, username, role) VALUES ('userrol-0000-0000-0000-0000000000027', 'tes27', 'user');
INSERT INTO public.user_roles (uuid, username, role) VALUES ('userrol-0000-0000-0000-0000000000028', 'tes28', 'user');
INSERT INTO public.user_roles (uuid, username, role) VALUES ('userrol-0000-0000-0000-0000000000029', 'tes29', 'user');
INSERT INTO public.user_roles (uuid, username, role) VALUES ('userrol-0000-0000-0000-0000000000030', 'tes30', 'user');
INSERT INTO public.user_roles (uuid, username, role) VALUES ('userrol-0000-0000-0000-0000000000031', 'tes31', 'user');
INSERT INTO public.user_roles (uuid, username, role) VALUES ('userrol-0000-0000-0000-0000000000032', 'tes32', 'user');
INSERT INTO public.user_roles (uuid, username, role) VALUES ('userrol-0000-0000-0000-0000000000033', 'tes33', 'user');
INSERT INTO public.user_roles (uuid, username, role) VALUES ('userrol-0000-0000-0000-0000000000034', 'tes34', 'user');
INSERT INTO public.user_roles (uuid, username, role) VALUES ('userrol-0000-0000-0000-0000000000035', 'tes35', 'user');
INSERT INTO public.user_roles (uuid, username, role) VALUES ('userrol-0000-0000-0000-0000000000036', 'tes36', 'user');
INSERT INTO public.user_roles (uuid, username, role) VALUES ('userrol-0000-0000-0000-0000000000037', 'tes37', 'user');
INSERT INTO public.user_roles (uuid, username, role) VALUES ('userrol-0000-0000-0000-0000000000038', 'tes38', 'user');
INSERT INTO public.user_roles (uuid, username, role) VALUES ('userrol-0000-0000-0000-0000000000039', 'tes39', 'user');
INSERT INTO public.user_roles (uuid, username, role) VALUES ('userrol-0000-0000-0000-0000000000040', 'tes40', 'user');