INSERT INTO public.role (role) VALUES ('admin'), ('user');

INSERT INTO public.auth_provider (id, name) VALUES (1, 'application');
INSERT INTO public.auth_provider (id, name) VALUES (2, 'facebook');

INSERT INTO public.file_type (id, name, path) VALUES (1, 'USER_IMAGE', 'C:\\temp\\');
INSERT INTO public.file_type (id, name, path) VALUES (2, 'CATEGORY_IMAGE', 'C:\\temp\\');
INSERT INTO public.file_type (id, name, path) VALUES (3, 'GIFT_IMAGE', 'C:\\temp\\');

INSERT INTO public.file (id, name, type_id) VALUES (1, 'category_technology', 2);
INSERT INTO public.file (id, name, type_id) VALUES (2, 'category_women', 2);
INSERT INTO public.file (id, name, type_id) VALUES (3, 'category_men', 2);
INSERT INTO public.file (id, name, type_id) VALUES (4, 'category_children', 2);
INSERT INTO public.file (id, name, type_id) VALUES (5, 'category_big_price', 2);
INSERT INTO public.file (id, name, type_id) VALUES (6, 'iphone4', 3);
INSERT INTO public.file (id, name, type_id) VALUES (7, 'iphone4s', 3);
INSERT INTO public.file (id, name, type_id) VALUES (8, 'iphone5c', 3);
INSERT INTO public.file (id, name, type_id) VALUES (9, 'iphone5s', 3);
INSERT INTO public.file (id, name, type_id) VALUES (10, 'user_no_photo', 1);

INSERT INTO public.users (uuid, username, first_name, last_name, middle_name, birth_date, gender, address, address_visible, profile_visible, cellphone, cellphone_visible, file_id) VALUES ('2d0767d8-effb-41f2-8910-5729a460527d', 'dikkini', 'Артур', 'Карапетов', null, null, null, null, false, true, null, false, 10);
INSERT INTO public.user_details (user_uuid, username, password, email, enabled, social_id, auth_provider_id, role_id, accountnonexpired, credentialsnonexpired, accountnonlocked, registration_date) VALUES ('2d0767d8-effb-41f2-8910-5729a460527d', 'dikkini', '94e2768be13e7b4840eb7ebca27cff6ff5a8445dc472b66fc1bdc595226dc8d40a3741f2aff33d57', 'dikkini@gmail.com', true, null, 1, 2, true, true, true, '2014-02-13 13:29:14');

INSERT INTO public.users (uuid, username, first_name, last_name, middle_name, birth_date, gender, address, address_visible, profile_visible, cellphone, cellphone_visible, file_id) VALUES ('78043c3b-7bb6-46d8-b568-ab7e8a2e88d8', 'tv0roq', 'Алексей', '', null, null, null, null, false, true, null, false, 10);
INSERT INTO public.user_details (user_uuid, username, password, email, enabled, social_id, auth_provider_id, role_id, accountnonexpired, credentialsnonexpired, accountnonlocked, registration_date) VALUES ('78043c3b-7bb6-46d8-b568-ab7e8a2e88d8', 'tv0roq', '6b2d868973c7c23055fb23a88d5472a7b36eefdfb263c7a2868ec4b52f584e98fe02f2e5915fa0d8', 'tbopor@yahoo.com', true, null, 1, 1, true, true, true, '2014-02-13 22:07:23');

INSERT INTO public.users (uuid, username, first_name, last_name, middle_name, birth_date, gender, address, address_visible, profile_visible, cellphone, cellphone_visible, file_id) VALUES ('b6346209-a7ea-4db3-8e74-dd1b5bbb6cf5', 'umasheva', 'Лидия', 'Юмашева', 'Валерьевна', null, null, '', false, true, '', false, 10);
INSERT INTO public.user_details (user_uuid, username, password, email, enabled, social_id, auth_provider_id, role_id, accountnonexpired, credentialsnonexpired, accountnonlocked, registration_date) VALUES ('b6346209-a7ea-4db3-8e74-dd1b5bbb6cf5', 'umasheva', '084bc6e79bfe478c549e0b2fff7dfa89528219d497cc0ce05ae72addd884e48d1dc0ebf87a5c6d73', 'umashev90@mail.ru', true, null, 1, 2, true, true, true, '2014-05-03 00:28:46.558');

INSERT INTO public.gift_category (id, code, name, description, file_id) VALUES (1, 'tech', 'Технологии', 'Технологические новинки и прочее барахло', 1);
INSERT INTO public.gift_category (id, code, name, description, file_id) VALUES (2, 'women', 'Для слабого пола', 'Женские штучк-дрючки', 2);
INSERT INTO public.gift_category (id, code, name, description, file_id) VALUES (3, 'man', 'Для сильного пола', 'Лучший мужской подарок', 3);
INSERT INTO public.gift_category (id, code, name, description, file_id) VALUES (4, 'children', 'Дети - цветы жизни', 'Цветы детям не надо дарить, но конструктор Lego - вполне!', 4);
INSERT INTO public.gift_category (id, code, name, description, file_id) VALUES (5, 'expensive', 'Дорого и бесценно', 'Подарок бесценнен, а дорогой подарок еще дороже', 5);


INSERT INTO public.shop (uuid, name, description) VALUES ('510de47e-3477-426e-96fe-c99c58af431a', 'Shop Number 1', 'Some Description 1');
INSERT INTO public.shop (uuid, name, description) VALUES ('510de47e-3477-426e-96fe-c99c58af452b', 'Shop Number 2', 'Some Description 2');
INSERT INTO public.shop (uuid, name, description) VALUES ('510de47e-3477-426e-96fe-c99c58af483c', 'Shop Number 3', 'Some Description 3');
INSERT INTO public.shop (uuid, name, description) VALUES ('510de47e-3477-426e-96fe-c99c58af414d', 'Shop Number 4', 'Some Description 4');


INSERT INTO public.gift (uuid, name, description, add_date, category_id) VALUES ('510de47e-3477-426e-96fe-c99c58af464a', 'iPhone 4',  'Супер новмодный телефон - будь как все!', now(),                 1);
INSERT INTO public.gift (uuid, name, description, add_date, category_id) VALUES ('510de47e-3477-426e-96fe-c99c58af464b', 'iPhone 4s', 'Супер новмодный телефон - будь как все!', '2014-01-13 13:29:14', 1);
INSERT INTO public.gift (uuid, name, description, add_date, category_id) VALUES ('510de47e-3477-426e-96fe-c99c58af464c', 'iPhone 5c', 'Супер новмодный телефон - будь как все!', '2013-02-13 13:29:14', 1);
INSERT INTO public.gift (uuid, name, description, add_date, category_id) VALUES ('510de47e-3477-426e-96fe-c99c58af464d', 'iPhone 5s', 'Супер новмодный телефон - будь как все!', '2012-02-13 13:29:14', 1);

INSERT INTO public.gift_shop (uuid, shop_uuid, gift_uuid, price, discount) VALUES ('510de47e-3477-426e-96fe-c99c183f561s', '510de47e-3477-426e-96fe-c99c58af431a', '510de47e-3477-426e-96fe-c99c58af464a', '100', 0);
INSERT INTO public.gift_shop (uuid, shop_uuid, gift_uuid, price, discount) VALUES ('510de47e-3477-426e-96fe-c99c58ae152b', '510de47e-3477-426e-96fe-c99c58af452b', '510de47e-3477-426e-96fe-c99c58af464b', '110', 0);
INSERT INTO public.gift_shop (uuid, shop_uuid, gift_uuid, price, discount) VALUES ('510de47e-3477-426e-96fe-c99c58ab283c', '510de47e-3477-426e-96fe-c99c58af483c', '510de47e-3477-426e-96fe-c99c58af464c', '111', 0);
INSERT INTO public.gift_shop (uuid, shop_uuid, gift_uuid, price, discount) VALUES ('510de47e-3477-426e-96fe-c99c58as314d', '510de47e-3477-426e-96fe-c99c58af414d', '510de47e-3477-426e-96fe-c99c58af464d', '001', 0);

INSERT INTO public.gift_file (id, file_id, gift_uuid) VALUES (1, 6, '510de47e-3477-426e-96fe-c99c58af464a');
INSERT INTO public.gift_file (id, file_id, gift_uuid) VALUES (2, 7, '510de47e-3477-426e-96fe-c99c58af464b');
INSERT INTO public.gift_file (id, file_id, gift_uuid) VALUES (3, 8, '510de47e-3477-426e-96fe-c99c58af464c');
INSERT INTO public.gift_file (id, file_id, gift_uuid) VALUES (4, 9, '510de47e-3477-426e-96fe-c99c58af464d');

/*
INSERT INTO public.conversation (uuid, user_from_uuid, user_to_uuid) VALUES ('510ee33c-3477-426e-96fe-c99c58af4611', '2d0767d8-effb-41f2-8910-5729a460527d', '78043c3b-7bb6-46d8-b568-ab7e8a2e88d8');

INSERT INTO public.message (uuid, user_uuid, message, date, conversation_uuid, status_id) VALUES ('510de47e-3477-426e-96fe-c99c58af4611', '2d0767d8-effb-41f2-8910-5729a460527d', 'Привет друг', '2014-03-12 17:30:04', '510ee33c-3477-426e-96fe-c99c58af4611', 1);
INSERT INTO public.message (uuid, user_uuid, message, date, conversation_uuid, status_id) VALUES ('510de47e-3477-426e-96fe-c99c58af4612', '2d0767d8-effb-41f2-8910-5729a460527d', 'Как дела?', '2014-03-12 17:32:04', '510ee33c-3477-426e-96fe-c99c58af4611', 1);
INSERT INTO public.message (uuid, user_uuid, message, date, conversation_uuid, status_id) VALUES ('510de47e-3477-426e-96fe-c99c58af4613', '78043c3b-7bb6-46d8-b568-ab7e8a2e88d8', 'Нормально', '2014-03-12 17:34:04', '510ee33c-3477-426e-96fe-c99c58af4611', 1);
*/


INSERT INTO public.message_status (id, status) VALUES (1, 'new');
INSERT INTO public.message_status (id, status) VALUES (2, 'read');


INSERT INTO public.users (uuid, username, first_name, last_name, middle_name, birth_date, gender, address, address_visible, profile_visible, cellphone, cellphone_visible, file_id) VALUES ('b6346209-a7ea-4db3-8e74-ad1b5bbb6cf5', 'test1',   'Проверочный1', 'Очень1', 'Валерьевна', null, null, '', false, true, '', false, 10);
INSERT INTO public.users (uuid, username, first_name, last_name, middle_name, birth_date, gender, address, address_visible, profile_visible, cellphone, cellphone_visible, file_id) VALUES ('b6346209-a7ea-4db3-8e74-bd1b5bbb6cf5', 'test2',   'Проверочный2', 'Очень2', 'Валерьевна', null, null, '', false, true, '', false, 10);
INSERT INTO public.users (uuid, username, first_name, last_name, middle_name, birth_date, gender, address, address_visible, profile_visible, cellphone, cellphone_visible, file_id) VALUES ('b6346209-a7ea-4db3-8e74-cd1b5bbb6cf5', 'test3',   'Проверочный3', 'Очень3', 'Валерьевна', null, null, '', false, true, '', false, 10);
INSERT INTO public.users (uuid, username, first_name, last_name, middle_name, birth_date, gender, address, address_visible, profile_visible, cellphone, cellphone_visible, file_id) VALUES ('b6346209-a7ea-4db3-8e74-de1b5bbb6cf5', 'test4',   'Проверочный4', 'Очень4', 'Валерьевна', null, null, '', false, true, '', false, 10);
INSERT INTO public.users (uuid, username, first_name, last_name, middle_name, birth_date, gender, address, address_visible, profile_visible, cellphone, cellphone_visible, file_id) VALUES ('b6346209-a7ea-4db3-8e74-ed1b5bbb6cf5', 'test5',   'Проверочный5', 'Очень5', 'Валерьевна', null, null, '', false, true, '', false, 10);
INSERT INTO public.users (uuid, username, first_name, last_name, middle_name, birth_date, gender, address, address_visible, profile_visible, cellphone, cellphone_visible, file_id) VALUES ('b6346209-a7ea-4db3-8e74-fd1b5bbb6cf5', 'test6',   'Проверочный6', 'Очень6', 'Валерьевна', null, null, '', false, true, '', false, 10);
INSERT INTO public.users (uuid, username, first_name, last_name, middle_name, birth_date, gender, address, address_visible, profile_visible, cellphone, cellphone_visible, file_id) VALUES ('b6346209-a7ea-4db3-8e74-gd1b5bbb6cf5', 'test7',   'Проверочный7', 'Очень7', 'Валерьевна', null, null, '', false, true, '', false, 10);
INSERT INTO public.users (uuid, username, first_name, last_name, middle_name, birth_date, gender, address, address_visible, profile_visible, cellphone, cellphone_visible, file_id) VALUES ('b6346209-a7ea-4db3-8e74-hd1b5bbb6cf5', 'test8',   'Проверочный8', 'Очень8', 'Валерьевна', null, null, '', false, true, '', false, 10);
INSERT INTO public.users (uuid, username, first_name, last_name, middle_name, birth_date, gender, address, address_visible, profile_visible, cellphone, cellphone_visible, file_id) VALUES ('b6346209-a7ea-4db3-8e74-id1b5bbb6cf5', 'test9',   'Проверочный9', 'Очень9', 'Валерьевна', null, null, '', false, true, '', false, 10);
INSERT INTO public.users (uuid, username, first_name, last_name, middle_name, birth_date, gender, address, address_visible, profile_visible, cellphone, cellphone_visible, file_id) VALUES ('b6346209-a7ea-4db3-8e74-jd1b5bbb6cf5', 'test10',  'Проверочный10', 'Очень10', 'Валерьевна', null, null, '', false, true, '', false, 10);
INSERT INTO public.users (uuid, username, first_name, last_name, middle_name, birth_date, gender, address, address_visible, profile_visible, cellphone, cellphone_visible, file_id) VALUES ('b6346209-a7ea-4db3-8e74-kd1b5bbb6cf5', 'test11',  'Проверочный11', 'Очень11', 'Валерьевна', null, null, '', false, true, '', false, 10);
INSERT INTO public.users (uuid, username, first_name, last_name, middle_name, birth_date, gender, address, address_visible, profile_visible, cellphone, cellphone_visible, file_id) VALUES ('b6346209-a7ea-4db3-8e74-ld1b5bbb6cf5', 'test12',  'Проверочный12', 'Очень12', 'Валерьевна', null, null, '', false, true, '', false, 10);
INSERT INTO public.users (uuid, username, first_name, last_name, middle_name, birth_date, gender, address, address_visible, profile_visible, cellphone, cellphone_visible, file_id) VALUES ('b6346209-a7ea-4db3-8e74-md1b5bbb6cf5', 'test13',  'Проверочный13', 'Очень13', 'Валерьевна', null, null, '', false, true, '', false, 10);
INSERT INTO public.users (uuid, username, first_name, last_name, middle_name, birth_date, gender, address, address_visible, profile_visible, cellphone, cellphone_visible, file_id) VALUES ('b6346209-a7ea-4db3-8e74-nd1b5bbb6cf5', 'test14',  'Проверочный14', 'Очень14', 'Валерьевна', null, null, '', false, true, '', false, 10);
INSERT INTO public.users (uuid, username, first_name, last_name, middle_name, birth_date, gender, address, address_visible, profile_visible, cellphone, cellphone_visible, file_id) VALUES ('b6346209-a7ea-4db3-8e74-od1b5bbb6cf5', 'test15',  'Проверочный15', 'Очень15', 'Валерьевна', null, null, '', false, true, '', false, 10);
INSERT INTO public.users (uuid, username, first_name, last_name, middle_name, birth_date, gender, address, address_visible, profile_visible, cellphone, cellphone_visible, file_id) VALUES ('b6346209-a7ea-4db3-8e74-pd1b5bbb6cf5', 'test16',  'Проверочный16', 'Очень16', 'Валерьевна', null, null, '', false, true, '', false, 10);
INSERT INTO public.users (uuid, username, first_name, last_name, middle_name, birth_date, gender, address, address_visible, profile_visible, cellphone, cellphone_visible, file_id) VALUES ('b6346209-a7ea-4db3-8e74-qd1b5bbb6cf5', 'test17',  'Проверочный17', 'Очень17', 'Валерьевна', null, null, '', false, true, '', false, 10);
INSERT INTO public.users (uuid, username, first_name, last_name, middle_name, birth_date, gender, address, address_visible, profile_visible, cellphone, cellphone_visible, file_id) VALUES ('b6346209-aaea-4db3-8e74-ad1b5bbb6cf5', 'atest1',  'Проверочный1', 'Очень1', 'Валерьевна', null, null, '', false, true, '', false, 10);
INSERT INTO public.users (uuid, username, first_name, last_name, middle_name, birth_date, gender, address, address_visible, profile_visible, cellphone, cellphone_visible, file_id) VALUES ('b6346209-b7ea-4db3-8e74-bd1b5bbb6cf5', 'btest2',  'Проверочный2', 'Очень2', 'Валерьевна', null, null, '', false, true, '', false, 10);
INSERT INTO public.users (uuid, username, first_name, last_name, middle_name, birth_date, gender, address, address_visible, profile_visible, cellphone, cellphone_visible, file_id) VALUES ('b6346209-c7ea-4db3-8e74-cd1b5bbb6cf5', 'ctest3',  'Проверочный3', 'Очень3', 'Валерьевна', null, null, '', false, true, '', false, 10);
INSERT INTO public.users (uuid, username, first_name, last_name, middle_name, birth_date, gender, address, address_visible, profile_visible, cellphone, cellphone_visible, file_id) VALUES ('b6346209-d7ea-4db3-8e74-de1b5bbb6cf5', 'dtest4',  'Проверочный4', 'Очень4', 'Валерьевна', null, null, '', false, true, '', false, 10);
INSERT INTO public.users (uuid, username, first_name, last_name, middle_name, birth_date, gender, address, address_visible, profile_visible, cellphone, cellphone_visible, file_id) VALUES ('b6346209-e7ea-4db3-8e74-ed1b5bbb6cf5', 'etest5',  'Проверочный5', 'Очень5', 'Валерьевна', null, null, '', false, true, '', false, 10);
INSERT INTO public.users (uuid, username, first_name, last_name, middle_name, birth_date, gender, address, address_visible, profile_visible, cellphone, cellphone_visible, file_id) VALUES ('b6346209-f7ea-4db3-8e74-fd1b5bbb6cf5', 'rtest6',  'Проверочный6', 'Очень6', 'Валерьевна', null, null, '', false, true, '', false, 10);
INSERT INTO public.users (uuid, username, first_name, last_name, middle_name, birth_date, gender, address, address_visible, profile_visible, cellphone, cellphone_visible, file_id) VALUES ('b6346209-g7ea-4db3-8e74-gd1b5bbb6cf5', 'htest7',  'Проверочный7', 'Очень7', 'Валерьевна', null, null, '', false, true, '', false, 10);
INSERT INTO public.users (uuid, username, first_name, last_name, middle_name, birth_date, gender, address, address_visible, profile_visible, cellphone, cellphone_visible, file_id) VALUES ('b6346209-h7ea-4db3-8e74-hd1b5bbb6cf5', 'ztest8',  'Проверочный8', 'Очень8', 'Валерьевна', null, null, '', false, true, '', false, 10);
INSERT INTO public.users (uuid, username, first_name, last_name, middle_name, birth_date, gender, address, address_visible, profile_visible, cellphone, cellphone_visible, file_id) VALUES ('b6346209-i7ea-4db3-8e74-id1b5bbb6cf5', 'xtest9',  'Проверочный9', 'Очень9', 'Валерьевна', null, null, '', false, true, '', false, 10);
INSERT INTO public.users (uuid, username, first_name, last_name, middle_name, birth_date, gender, address, address_visible, profile_visible, cellphone, cellphone_visible, file_id) VALUES ('b6346209-j7ea-4db3-8e74-jd1b5bbb6cf5', 'vtest10', 'Проверочный10', 'Очень10', 'Валерьевна', null, null, '', false, true, '', false, 10);
INSERT INTO public.users (uuid, username, first_name, last_name, middle_name, birth_date, gender, address, address_visible, profile_visible, cellphone, cellphone_visible, file_id) VALUES ('b6346209-k7ea-4db3-8e74-kd1b5bbb6cf5', 'ntest11', 'Проверочный11', 'Очень11', 'Валерьевна', null, null, '', false, true, '', false, 10);
INSERT INTO public.users (uuid, username, first_name, last_name, middle_name, birth_date, gender, address, address_visible, profile_visible, cellphone, cellphone_visible, file_id) VALUES ('b6346209-m7ea-4db3-8e74-ld1b5bbb6cf5', 'mtest12', 'Проверочный12', 'Очень12', 'Валерьевна', null, null, '', false, true, '', false, 10);
INSERT INTO public.users (uuid, username, first_name, last_name, middle_name, birth_date, gender, address, address_visible, profile_visible, cellphone, cellphone_visible, file_id) VALUES ('b6346209-n7ea-4db3-8e74-md1b5bbb6cf5', 'ktest13', 'Проверочный13', 'Очень13', 'Валерьевна', null, null, '', false, true, '', false, 10);
INSERT INTO public.users (uuid, username, first_name, last_name, middle_name, birth_date, gender, address, address_visible, profile_visible, cellphone, cellphone_visible, file_id) VALUES ('b6346209-o7ea-4db3-8e74-nd1b5bbb6cf5', 'itest14', 'Проверочный14', 'Очень14', 'Валерьевна', null, null, '', false, true, '', false, 10);
INSERT INTO public.users (uuid, username, first_name, last_name, middle_name, birth_date, gender, address, address_visible, profile_visible, cellphone, cellphone_visible, file_id) VALUES ('b6346209-p7ea-4db3-8e74-od1b5bbb6cf5', 'ytest15', 'Проверочный15', 'Очень15', 'Валерьевна', null, null, '', false, true, '', false, 10);
INSERT INTO public.users (uuid, username, first_name, last_name, middle_name, birth_date, gender, address, address_visible, profile_visible, cellphone, cellphone_visible, file_id) VALUES ('b6346209-q7ea-4db3-8e74-pd1b5bbb6cf5', 'wtest16', 'Проверочный16', 'Очень16', 'Валерьевна', null, null, '', false, true, '', false, 10);
INSERT INTO public.users (uuid, username, first_name, last_name, middle_name, birth_date, gender, address, address_visible, profile_visible, cellphone, cellphone_visible, file_id) VALUES ('b6346209-r7ea-4db3-8e74-qd1b5bbb6cf5', 'qtest17', 'Проверочный17', 'Очень17', 'Валерьевна', null, null, '', false, true, '', false, 10);
INSERT INTO public.users (uuid, username, first_name, last_name, middle_name, birth_date, gender, address, address_visible, profile_visible, cellphone, cellphone_visible, file_id) VALUES ('a6346209-a7ea-4db3-8e74-ad1b5bbb6cf5', 'retest1',   'Проверочный1', 'Очень1', 'Валерьевна', null, null, '', false, true, '', false, 10);
INSERT INTO public.users (uuid, username, first_name, last_name, middle_name, birth_date, gender, address, address_visible, profile_visible, cellphone, cellphone_visible, file_id) VALUES ('ba6346209-a7ea-4db3-8e74-bd1b5bbb6f5', 'retest2',   'Проверочный2', 'Очень2', 'Валерьевна', null, null, '', false, true, '', false, 10);
INSERT INTO public.users (uuid, username, first_name, last_name, middle_name, birth_date, gender, address, address_visible, profile_visible, cellphone, cellphone_visible, file_id) VALUES ('c6346209-a7ea-4db3-8e74-cd1b5bbb6cf5', 'retest3',   'Проверочный3', 'Очень3', 'Валерьевна', null, null, '', false, true, '', false, 10);
INSERT INTO public.users (uuid, username, first_name, last_name, middle_name, birth_date, gender, address, address_visible, profile_visible, cellphone, cellphone_visible, file_id) VALUES ('d6346209-a7ea-4db3-8e74-de1b5bbb6cf5', 'retest4',   'Проверочный4', 'Очень4', 'Валерьевна', null, null, '', false, true, '', false, 10);
INSERT INTO public.users (uuid, username, first_name, last_name, middle_name, birth_date, gender, address, address_visible, profile_visible, cellphone, cellphone_visible, file_id) VALUES ('e6346209-a7ea-4db3-8e74-ed1b5bbb6cf5', 'retest5',   'Проверочный5', 'Очень5', 'Валерьевна', null, null, '', false, true, '', false, 10);
INSERT INTO public.users (uuid, username, first_name, last_name, middle_name, birth_date, gender, address, address_visible, profile_visible, cellphone, cellphone_visible, file_id) VALUES ('f6346209-a7ea-4db3-8e74-fd1b5bbb6cf5', 'retest6',   'Проверочный6', 'Очень6', 'Валерьевна', null, null, '', false, true, '', false, 10);
INSERT INTO public.users (uuid, username, first_name, last_name, middle_name, birth_date, gender, address, address_visible, profile_visible, cellphone, cellphone_visible, file_id) VALUES ('g6346209-a7ea-4db3-8e74-gd1b5bbb6cf5', 'retest7',   'Проверочный7', 'Очень7', 'Валерьевна', null, null, '', false, true, '', false, 10);
INSERT INTO public.users (uuid, username, first_name, last_name, middle_name, birth_date, gender, address, address_visible, profile_visible, cellphone, cellphone_visible, file_id) VALUES ('h6346209-a7ea-4db3-8e74-hd1b5bbb6cf5', 'retest8',   'Проверочный8', 'Очень8', 'Валерьевна', null, null, '', false, true, '', false, 10);
INSERT INTO public.users (uuid, username, first_name, last_name, middle_name, birth_date, gender, address, address_visible, profile_visible, cellphone, cellphone_visible, file_id) VALUES ('i6346209-a7ea-4db3-8e74-id1b5bbb6cf5', 'retest9',   'Проверочный9', 'Очень9', 'Валерьевна', null, null, '', false, true, '', false, 10);
INSERT INTO public.users (uuid, username, first_name, last_name, middle_name, birth_date, gender, address, address_visible, profile_visible, cellphone, cellphone_visible, file_id) VALUES ('k6346209-a7ea-4db3-8e74-jd1b5bbb6cf5', 'retest10',  'Проверочный10', 'Очень10', 'Валерьевна', null, null, '', false, true, '', false, 10);
INSERT INTO public.users (uuid, username, first_name, last_name, middle_name, birth_date, gender, address, address_visible, profile_visible, cellphone, cellphone_visible, file_id) VALUES ('m6346209-a7ea-4db3-8e74-kd1b5bbb6cf5', 'retest11',  'Проверочный11', 'Очень11', 'Валерьевна', null, null, '', false, true, '', false, 10);
INSERT INTO public.users (uuid, username, first_name, last_name, middle_name, birth_date, gender, address, address_visible, profile_visible, cellphone, cellphone_visible, file_id) VALUES ('n6346209-a7ea-4db3-8e74-ld1b5bbb6cf5', 'retest12',  'Проверочный12', 'Очень12', 'Валерьевна', null, null, '', false, true, '', false, 10);
INSERT INTO public.users (uuid, username, first_name, last_name, middle_name, birth_date, gender, address, address_visible, profile_visible, cellphone, cellphone_visible, file_id) VALUES ('o6346209-a7ea-4db3-8e74-md1b5bbb6cf5', 'retest13',  'Проверочный13', 'Очень13', 'Валерьевна', null, null, '', false, true, '', false, 10);
INSERT INTO public.users (uuid, username, first_name, last_name, middle_name, birth_date, gender, address, address_visible, profile_visible, cellphone, cellphone_visible, file_id) VALUES ('p6346209-a7ea-4db3-8e74-nd1b5bbb6cf5', 'retest14',  'Проверочный14', 'Очень14', 'Валерьевна', null, null, '', false, true, '', false, 10);
INSERT INTO public.users (uuid, username, first_name, last_name, middle_name, birth_date, gender, address, address_visible, profile_visible, cellphone, cellphone_visible, file_id) VALUES ('q6346209-a7ea-4db3-8e74-od1b5bbb6cf5', 'retest15',  'Проверочный15', 'Очень15', 'Валерьевна', null, null, '', false, true, '', false, 10);
INSERT INTO public.users (uuid, username, first_name, last_name, middle_name, birth_date, gender, address, address_visible, profile_visible, cellphone, cellphone_visible, file_id) VALUES ('r6346209-a7ea-4db3-8e74-pd1b5bbb6cf5', 'retest16',  'Проверочный16', 'Очень16', 'Валерьевна', null, null, '', false, true, '', false, 10);
INSERT INTO public.users (uuid, username, first_name, last_name, middle_name, birth_date, gender, address, address_visible, profile_visible, cellphone, cellphone_visible, file_id) VALUES ('s6346209-a7ea-4db3-8e74-qd1b5bbb6cf5', 'retest17',  'Проверочный17', 'Очень17', 'Валерьевна', null, null, '', false, true, '', false, 10);
INSERT INTO public.users (uuid, username, first_name, last_name, middle_name, birth_date, gender, address, address_visible, profile_visible, cellphone, cellphone_visible, file_id) VALUES ('t6346209-aaea-4db3-8e74-ad1b5bbb6cf5', 'reatest1',  'Проверочный1', 'Очень1', 'Валерьевна', null, null, '', false, true, '', false, 10);
INSERT INTO public.users (uuid, username, first_name, last_name, middle_name, birth_date, gender, address, address_visible, profile_visible, cellphone, cellphone_visible, file_id) VALUES ('u6346209-b7ea-4db3-8e74-bd1b5bbb6cf5', 'rebtest2',  'Проверочный2', 'Очень2', 'Валерьевна', null, null, '', false, true, '', false, 10);
INSERT INTO public.users (uuid, username, first_name, last_name, middle_name, birth_date, gender, address, address_visible, profile_visible, cellphone, cellphone_visible, file_id) VALUES ('v6346209-c7ea-4db3-8e74-cd1b5bbb6cf5', 'rectest3',  'Проверочный3', 'Очень3', 'Валерьевна', null, null, '', false, true, '', false, 10);
INSERT INTO public.users (uuid, username, first_name, last_name, middle_name, birth_date, gender, address, address_visible, profile_visible, cellphone, cellphone_visible, file_id) VALUES ('w6346209-d7ea-4db3-8e74-de1b5bbb6cf5', 'redtest4',  'Проверочный4', 'Очень4', 'Валерьевна', null, null, '', false, true, '', false, 10);
INSERT INTO public.users (uuid, username, first_name, last_name, middle_name, birth_date, gender, address, address_visible, profile_visible, cellphone, cellphone_visible, file_id) VALUES ('b1346209-e7ea-4db3-8e74-ed1b5bbb6cf5', 'reetest5',  'Проверочный5', 'Очень5', 'Валерьевна', null, null, '', false, true, '', false, 10);
INSERT INTO public.users (uuid, username, first_name, last_name, middle_name, birth_date, gender, address, address_visible, profile_visible, cellphone, cellphone_visible, file_id) VALUES ('b2346209-f7ea-4db3-8e74-fd1b5bbb6cf5', 'rertest6',  'Проверочный6', 'Очень6', 'Валерьевна', null, null, '', false, true, '', false, 10);
INSERT INTO public.users (uuid, username, first_name, last_name, middle_name, birth_date, gender, address, address_visible, profile_visible, cellphone, cellphone_visible, file_id) VALUES ('b3346209-g7ea-4db3-8e74-gd1b5bbb6cf5', 'rehtest7',  'Проверочный7', 'Очень7', 'Валерьевна', null, null, '', false, true, '', false, 10);
INSERT INTO public.users (uuid, username, first_name, last_name, middle_name, birth_date, gender, address, address_visible, profile_visible, cellphone, cellphone_visible, file_id) VALUES ('b4346209-h7ea-4db3-8e74-hd1b5bbb6cf5', 'reztest8',  'Проверочный8', 'Очень8', 'Валерьевна', null, null, '', false, true, '', false, 10);
INSERT INTO public.users (uuid, username, first_name, last_name, middle_name, birth_date, gender, address, address_visible, profile_visible, cellphone, cellphone_visible, file_id) VALUES ('b5346209-i7ea-4db3-8e74-id1b5bbb6cf5', 'rextest9',  'Проверочный9', 'Очень9', 'Валерьевна', null, null, '', false, true, '', false, 10);
INSERT INTO public.users (uuid, username, first_name, last_name, middle_name, birth_date, gender, address, address_visible, profile_visible, cellphone, cellphone_visible, file_id) VALUES ('b6646209-j7ea-4db3-8e74-jd1b5bbb6cf5', 'revtest10', 'Проверочный10', 'Очень10', 'Валерьевна', null, null, '', false, true, '', false, 10);
INSERT INTO public.users (uuid, username, first_name, last_name, middle_name, birth_date, gender, address, address_visible, profile_visible, cellphone, cellphone_visible, file_id) VALUES ('b7346209-k7ea-4db3-8e74-kd1b5bbb6cf5', 'rentest11', 'Проверочный11', 'Очень11', 'Валерьевна', null, null, '', false, true, '', false, 10);
INSERT INTO public.users (uuid, username, first_name, last_name, middle_name, birth_date, gender, address, address_visible, profile_visible, cellphone, cellphone_visible, file_id) VALUES ('b8346209-m7ea-4db3-8e74-ld1b5bbb6cf5', 'remtest12', 'Проверочный12', 'Очень12', 'Валерьевна', null, null, '', false, true, '', false, 10);
INSERT INTO public.users (uuid, username, first_name, last_name, middle_name, birth_date, gender, address, address_visible, profile_visible, cellphone, cellphone_visible, file_id) VALUES ('b9346209-n7ea-4db3-8e74-md1b5bbb6cf5', 'rektest13', 'Проверочный13', 'Очень13', 'Валерьевна', null, null, '', false, true, '', false, 10);
INSERT INTO public.users (uuid, username, first_name, last_name, middle_name, birth_date, gender, address, address_visible, profile_visible, cellphone, cellphone_visible, file_id) VALUES ('b1046209-o7ea-4db3-8e74-nd1b5bbb6cf5', 'reitest14', 'Проверочный14', 'Очень14', 'Валерьевна', null, null, '', false, true, '', false, 10);
INSERT INTO public.users (uuid, username, first_name, last_name, middle_name, birth_date, gender, address, address_visible, profile_visible, cellphone, cellphone_visible, file_id) VALUES ('b1146209-p7ea-4db3-8e74-od1b5bbb6cf5', 'reytest15', 'Проверочный15', 'Очень15', 'Валерьевна', null, null, '', false, true, '', false, 10);
INSERT INTO public.users (uuid, username, first_name, last_name, middle_name, birth_date, gender, address, address_visible, profile_visible, cellphone, cellphone_visible, file_id) VALUES ('b1246209-q7ea-4db3-8e74-pd1b5bbb6cf5', 'rewtest16', 'Проверочный16', 'Очень16', 'Валерьевна', null, null, '', false, true, '', false, 10);
INSERT INTO public.users (uuid, username, first_name, last_name, middle_name, birth_date, gender, address, address_visible, profile_visible, cellphone, cellphone_visible, file_id) VALUES ('b1346209-r7ea-4db3-8e74-qd1b5bbb6cf5', 'reqtest17', 'Проверочный17', 'Очень17', 'Валерьевна', null, null, '', false, true, '', false, 10);
INSERT INTO public.users (uuid, username, first_name, last_name, middle_name, birth_date, gender, address, address_visible, profile_visible, cellphone, cellphone_visible, file_id) VALUES ('b6346209-a7ea-4dre-8e74-ad1b5bbb6cf5', 'qqtest1',   'Проверочный1', 'Очень1', 'Валерьевна', null, null, '', false, true, '', false, 10);
INSERT INTO public.users (uuid, username, first_name, last_name, middle_name, birth_date, gender, address, address_visible, profile_visible, cellphone, cellphone_visible, file_id) VALUES ('b6346209-a7ea-4dre-8e74-bd1b5bbb6cf5', 'qqtest2',   'Проверочный2', 'Очень2', 'Валерьевна', null, null, '', false, true, '', false, 10);
INSERT INTO public.users (uuid, username, first_name, last_name, middle_name, birth_date, gender, address, address_visible, profile_visible, cellphone, cellphone_visible, file_id) VALUES ('b6346209-a7ea-4dre-8e74-cd1b5bbb6cf5', 'qqtest3',   'Проверочный3', 'Очень3', 'Валерьевна', null, null, '', false, true, '', false, 10);
INSERT INTO public.users (uuid, username, first_name, last_name, middle_name, birth_date, gender, address, address_visible, profile_visible, cellphone, cellphone_visible, file_id) VALUES ('b6346209-a7ea-4dre-8e74-de1b5bbb6cf5', 'qqtest4',   'Проверочный4', 'Очень4', 'Валерьевна', null, null, '', false, true, '', false, 10);
INSERT INTO public.users (uuid, username, first_name, last_name, middle_name, birth_date, gender, address, address_visible, profile_visible, cellphone, cellphone_visible, file_id) VALUES ('b6346209-a7ea-4dre-8e74-ed1b5bbb6cf5', 'qqtest5',   'Проверочный5', 'Очень5', 'Валерьевна', null, null, '', false, true, '', false, 10);
INSERT INTO public.users (uuid, username, first_name, last_name, middle_name, birth_date, gender, address, address_visible, profile_visible, cellphone, cellphone_visible, file_id) VALUES ('b6346209-a7ea-4dre-8e74-fd1b5bbb6cf5', 'qqtest6',   'Проверочный6', 'Очень6', 'Валерьевна', null, null, '', false, true, '', false, 10);
INSERT INTO public.users (uuid, username, first_name, last_name, middle_name, birth_date, gender, address, address_visible, profile_visible, cellphone, cellphone_visible, file_id) VALUES ('b6346209-a7ea-4dre-8e74-gd1b5bbb6cf5', 'qqtest7',   'Проверочный7', 'Очень7', 'Валерьевна', null, null, '', false, true, '', false, 10);
INSERT INTO public.users (uuid, username, first_name, last_name, middle_name, birth_date, gender, address, address_visible, profile_visible, cellphone, cellphone_visible, file_id) VALUES ('b6346209-a7ea-4dre-8e74-hd1b5bbb6cf5', 'qqtest8',   'Проверочный8', 'Очень8', 'Валерьевна', null, null, '', false, true, '', false, 10);
INSERT INTO public.users (uuid, username, first_name, last_name, middle_name, birth_date, gender, address, address_visible, profile_visible, cellphone, cellphone_visible, file_id) VALUES ('b6346209-a7ea-4dre-8e74-id1b5bbb6cf5', 'qqtest9',   'Проверочный9', 'Очень9', 'Валерьевна', null, null, '', false, true, '', false, 10);
INSERT INTO public.users (uuid, username, first_name, last_name, middle_name, birth_date, gender, address, address_visible, profile_visible, cellphone, cellphone_visible, file_id) VALUES ('b6346209-a7ea-4dre-8e74-jd1b5bbb6cf5', 'qqtest10',  'Проверочный10', 'Очень10', 'Валерьевна', null, null, '', false, true, '', false, 10);
INSERT INTO public.users (uuid, username, first_name, last_name, middle_name, birth_date, gender, address, address_visible, profile_visible, cellphone, cellphone_visible, file_id) VALUES ('b6346209-a7ea-4dre-8e74-kd1b5bbb6cf5', 'qqtest11',  'Проверочный11', 'Очень11', 'Валерьевна', null, null, '', false, true, '', false, 10);
INSERT INTO public.users (uuid, username, first_name, last_name, middle_name, birth_date, gender, address, address_visible, profile_visible, cellphone, cellphone_visible, file_id) VALUES ('b6346209-a7ea-4dre-8e74-ld1b5bbb6cf5', 'qqtest12',  'Проверочный12', 'Очень12', 'Валерьевна', null, null, '', false, true, '', false, 10);
INSERT INTO public.users (uuid, username, first_name, last_name, middle_name, birth_date, gender, address, address_visible, profile_visible, cellphone, cellphone_visible, file_id) VALUES ('b6346209-a7ea-4dre-8e74-md1b5bbb6cf5', 'qqtest13',  'Проверочный13', 'Очень13', 'Валерьевна', null, null, '', false, true, '', false, 10);
INSERT INTO public.users (uuid, username, first_name, last_name, middle_name, birth_date, gender, address, address_visible, profile_visible, cellphone, cellphone_visible, file_id) VALUES ('b6346209-a7ea-4dre-8e74-nd1b5bbb6cf5', 'qqtest14',  'Проверочный14', 'Очень14', 'Валерьевна', null, null, '', false, true, '', false, 10);
INSERT INTO public.users (uuid, username, first_name, last_name, middle_name, birth_date, gender, address, address_visible, profile_visible, cellphone, cellphone_visible, file_id) VALUES ('b6346209-a7ea-4dre-8e74-od1b5bbb6cf5', 'qqtest15',  'Проверочный15', 'Очень15', 'Валерьевна', null, null, '', false, true, '', false, 10);
INSERT INTO public.users (uuid, username, first_name, last_name, middle_name, birth_date, gender, address, address_visible, profile_visible, cellphone, cellphone_visible, file_id) VALUES ('b6346209-a7ea-4dre-8e74-pd1b5bbb6cf5', 'qqtest16',  'Проверочный16', 'Очень16', 'Валерьевна', null, null, '', false, true, '', false, 10);
INSERT INTO public.users (uuid, username, first_name, last_name, middle_name, birth_date, gender, address, address_visible, profile_visible, cellphone, cellphone_visible, file_id) VALUES ('b6346209-a7ea-4dre-8e74-qd1b5bbb6cf5', 'qqtest17',  'Проверочный17', 'Очень17', 'Валерьевна', null, null, '', false, true, '', false, 10);
INSERT INTO public.users (uuid, username, first_name, last_name, middle_name, birth_date, gender, address, address_visible, profile_visible, cellphone, cellphone_visible, file_id) VALUES ('b6346209-aaea-4dre-8e74-ad1b5bbb6cf5', 'qqatest1',  'Проверочный1', 'Очень1', 'Валерьевна', null, null, '', false, true, '', false, 10);
INSERT INTO public.users (uuid, username, first_name, last_name, middle_name, birth_date, gender, address, address_visible, profile_visible, cellphone, cellphone_visible, file_id) VALUES ('b6346209-b7ea-4dre-8e74-bd1b5bbb6cf5', 'qqbtest2',  'Проверочный2', 'Очень2', 'Валерьевна', null, null, '', false, true, '', false, 10);
INSERT INTO public.users (uuid, username, first_name, last_name, middle_name, birth_date, gender, address, address_visible, profile_visible, cellphone, cellphone_visible, file_id) VALUES ('b6346209-c7ea-4dre-8e74-cd1b5bbb6cf5', 'qqctest3',  'Проверочный3', 'Очень3', 'Валерьевна', null, null, '', false, true, '', false, 10);
INSERT INTO public.users (uuid, username, first_name, last_name, middle_name, birth_date, gender, address, address_visible, profile_visible, cellphone, cellphone_visible, file_id) VALUES ('b6346209-d7ea-4dre-8e74-de1b5bbb6cf5', 'qqdtest4',  'Проверочный4', 'Очень4', 'Валерьевна', null, null, '', false, true, '', false, 10);
INSERT INTO public.users (uuid, username, first_name, last_name, middle_name, birth_date, gender, address, address_visible, profile_visible, cellphone, cellphone_visible, file_id) VALUES ('b6346209-e7ea-4dre-8e74-ed1b5bbb6cf5', 'qqetest5',  'Проверочный5', 'Очень5', 'Валерьевна', null, null, '', false, true, '', false, 10);
INSERT INTO public.users (uuid, username, first_name, last_name, middle_name, birth_date, gender, address, address_visible, profile_visible, cellphone, cellphone_visible, file_id) VALUES ('b6346209-f7ea-4dre-8e74-fd1b5bbb6cf5', 'qqrtest6',  'Проверочный6', 'Очень6', 'Валерьевна', null, null, '', false, true, '', false, 10);
INSERT INTO public.users (uuid, username, first_name, last_name, middle_name, birth_date, gender, address, address_visible, profile_visible, cellphone, cellphone_visible, file_id) VALUES ('b6346209-g7ea-4dre-8e74-gd1b5bbb6cf5', 'qqhtest7',  'Проверочный7', 'Очень7', 'Валерьевна', null, null, '', false, true, '', false, 10);
INSERT INTO public.users (uuid, username, first_name, last_name, middle_name, birth_date, gender, address, address_visible, profile_visible, cellphone, cellphone_visible, file_id) VALUES ('b6346209-h7ea-4dre-8e74-hd1b5bbb6cf5', 'qqztest8',  'Проверочный8', 'Очень8', 'Валерьевна', null, null, '', false, true, '', false, 10);
INSERT INTO public.users (uuid, username, first_name, last_name, middle_name, birth_date, gender, address, address_visible, profile_visible, cellphone, cellphone_visible, file_id) VALUES ('b6346209-i7ea-4dre-8e74-id1b5bbb6cf5', 'qqxtest9',  'Проверочный9', 'Очень9', 'Валерьевна', null, null, '', false, true, '', false, 10);
INSERT INTO public.users (uuid, username, first_name, last_name, middle_name, birth_date, gender, address, address_visible, profile_visible, cellphone, cellphone_visible, file_id) VALUES ('b6346209-j7ea-4dre-8e74-jd1b5bbb6cf5', 'qqvtest10', 'Проверочный10', 'Очень10', 'Валерьевна', null, null, '', false, true, '', false, 10);
INSERT INTO public.users (uuid, username, first_name, last_name, middle_name, birth_date, gender, address, address_visible, profile_visible, cellphone, cellphone_visible, file_id) VALUES ('b6346209-k7ea-4dre-8e74-kd1b5bbb6cf5', 'qqntest11', 'Проверочный11', 'Очень11', 'Валерьевна', null, null, '', false, true, '', false, 10);
INSERT INTO public.users (uuid, username, first_name, last_name, middle_name, birth_date, gender, address, address_visible, profile_visible, cellphone, cellphone_visible, file_id) VALUES ('b6346209-m7ea-4dre-8e74-ld1b5bbb6cf5', 'qqmtest12', 'Проверочный12', 'Очень12', 'Валерьевна', null, null, '', false, true, '', false, 10);
INSERT INTO public.users (uuid, username, first_name, last_name, middle_name, birth_date, gender, address, address_visible, profile_visible, cellphone, cellphone_visible, file_id) VALUES ('b6346209-n7ea-4dre-8e74-md1b5bbb6cf5', 'qqktest13', 'Проверочный13', 'Очень13', 'Валерьевна', null, null, '', false, true, '', false, 10);
INSERT INTO public.users (uuid, username, first_name, last_name, middle_name, birth_date, gender, address, address_visible, profile_visible, cellphone, cellphone_visible, file_id) VALUES ('b6346209-o7ea-4dre-8e74-nd1b5bbb6cf5', 'qqitest14', 'Проверочный14', 'Очень14', 'Валерьевна', null, null, '', false, true, '', false, 10);
INSERT INTO public.users (uuid, username, first_name, last_name, middle_name, birth_date, gender, address, address_visible, profile_visible, cellphone, cellphone_visible, file_id) VALUES ('b6346209-p7ea-4dre-8e74-od1b5bbb6cf5', 'qqytest15', 'Проверочный15', 'Очень15', 'Валерьевна', null, null, '', false, true, '', false, 10);
INSERT INTO public.users (uuid, username, first_name, last_name, middle_name, birth_date, gender, address, address_visible, profile_visible, cellphone, cellphone_visible, file_id) VALUES ('b6346209-q7ea-4dre-8e74-pd1b5bbb6cf5', 'qqwtest16', 'Проверочный16', 'Очень16', 'Валерьевна', null, null, '', false, true, '', false, 10);
INSERT INTO public.users (uuid, username, first_name, last_name, middle_name, birth_date, gender, address, address_visible, profile_visible, cellphone, cellphone_visible, file_id) VALUES ('b6346209-r7ea-4dre-8e74-qd1b5bbb6cf5', 'qqqtest17', 'Проверочный17', 'Очень17', 'Валерьевна', null, null, '', false, true, '', false, 10);
INSERT INTO public.users (uuid, username, first_name, last_name, middle_name, birth_date, gender, address, address_visible, profile_visible, cellphone, cellphone_visible, file_id) VALUES ('a6346209-a7ea-4dre-8e74-ad1b5bbb6cf5', 'qqretest1',   'Проверочный1', 'Очень1', 'Валерьевна', null, null, '', false, true, '', false, 10);
INSERT INTO public.users (uuid, username, first_name, last_name, middle_name, birth_date, gender, address, address_visible, profile_visible, cellphone, cellphone_visible, file_id) VALUES ('ba6346209-a7ea-4re3-8e74-bd1b5bbb6f5', 'qqretest2',   'Проверочный2', 'Очень2', 'Валерьевна', null, null, '', false, true, '', false, 10);
INSERT INTO public.users (uuid, username, first_name, last_name, middle_name, birth_date, gender, address, address_visible, profile_visible, cellphone, cellphone_visible, file_id) VALUES ('c6346209-a7ea-4dre-8e74-cd1b5bbb6cf5', 'qqretest3',   'Проверочный3', 'Очень3', 'Валерьевна', null, null, '', false, true, '', false, 10);
INSERT INTO public.users (uuid, username, first_name, last_name, middle_name, birth_date, gender, address, address_visible, profile_visible, cellphone, cellphone_visible, file_id) VALUES ('d6346209-a7ea-4dre-8e74-de1b5bbb6cf5', 'qqretest4',   'Проверочный4', 'Очень4', 'Валерьевна', null, null, '', false, true, '', false, 10);
INSERT INTO public.users (uuid, username, first_name, last_name, middle_name, birth_date, gender, address, address_visible, profile_visible, cellphone, cellphone_visible, file_id) VALUES ('e6346209-a7ea-4dre-8e74-ed1b5bbb6cf5', 'qqretest5',   'Проверочный5', 'Очень5', 'Валерьевна', null, null, '', false, true, '', false, 10);
INSERT INTO public.users (uuid, username, first_name, last_name, middle_name, birth_date, gender, address, address_visible, profile_visible, cellphone, cellphone_visible, file_id) VALUES ('f6346209-a7ea-4dre-8e74-fd1b5bbb6cf5', 'qqretest6',   'Проверочный6', 'Очень6', 'Валерьевна', null, null, '', false, true, '', false, 10);
INSERT INTO public.users (uuid, username, first_name, last_name, middle_name, birth_date, gender, address, address_visible, profile_visible, cellphone, cellphone_visible, file_id) VALUES ('g6346209-a7ea-4dre-8e74-gd1b5bbb6cf5', 'qqretest7',   'Проверочный7', 'Очень7', 'Валерьевна', null, null, '', false, true, '', false, 10);
INSERT INTO public.users (uuid, username, first_name, last_name, middle_name, birth_date, gender, address, address_visible, profile_visible, cellphone, cellphone_visible, file_id) VALUES ('h6346209-a7ea-4dre-8e74-hd1b5bbb6cf5', 'qqretest8',   'Проверочный8', 'Очень8', 'Валерьевна', null, null, '', false, true, '', false, 10);
INSERT INTO public.users (uuid, username, first_name, last_name, middle_name, birth_date, gender, address, address_visible, profile_visible, cellphone, cellphone_visible, file_id) VALUES ('i6346209-a7ea-4dre-8e74-id1b5bbb6cf5', 'qqretest9',   'Проверочный9', 'Очень9', 'Валерьевна', null, null, '', false, true, '', false, 10);
INSERT INTO public.users (uuid, username, first_name, last_name, middle_name, birth_date, gender, address, address_visible, profile_visible, cellphone, cellphone_visible, file_id) VALUES ('k6346209-a7ea-4dre-8e74-jd1b5bbb6cf5', 'qqretest10',  'Проверочный10', 'Очень10', 'Валерьевна', null, null, '', false, true, '', false, 10);
INSERT INTO public.users (uuid, username, first_name, last_name, middle_name, birth_date, gender, address, address_visible, profile_visible, cellphone, cellphone_visible, file_id) VALUES ('m6346209-a7ea-4dre-8e74-kd1b5bbb6cf5', 'qqretest11',  'Проверочный11', 'Очень11', 'Валерьевна', null, null, '', false, true, '', false, 10);
INSERT INTO public.users (uuid, username, first_name, last_name, middle_name, birth_date, gender, address, address_visible, profile_visible, cellphone, cellphone_visible, file_id) VALUES ('n6346209-a7ea-4dre-8e74-ld1b5bbb6cf5', 'qqretest12',  'Проверочный12', 'Очень12', 'Валерьевна', null, null, '', false, true, '', false, 10);
INSERT INTO public.users (uuid, username, first_name, last_name, middle_name, birth_date, gender, address, address_visible, profile_visible, cellphone, cellphone_visible, file_id) VALUES ('o6346209-a7ea-4dre-8e74-md1b5bbb6cf5', 'qqretest13',  'Проверочный13', 'Очень13', 'Валерьевна', null, null, '', false, true, '', false, 10);
INSERT INTO public.users (uuid, username, first_name, last_name, middle_name, birth_date, gender, address, address_visible, profile_visible, cellphone, cellphone_visible, file_id) VALUES ('p6346209-a7ea-4dre-8e74-nd1b5bbb6cf5', 'qqretest14',  'Проверочный14', 'Очень14', 'Валерьевна', null, null, '', false, true, '', false, 10);
INSERT INTO public.users (uuid, username, first_name, last_name, middle_name, birth_date, gender, address, address_visible, profile_visible, cellphone, cellphone_visible, file_id) VALUES ('q6346209-a7ea-4dre-8e74-od1b5bbb6cf5', 'qqretest15',  'Проверочный15', 'Очень15', 'Валерьевна', null, null, '', false, true, '', false, 10);
INSERT INTO public.users (uuid, username, first_name, last_name, middle_name, birth_date, gender, address, address_visible, profile_visible, cellphone, cellphone_visible, file_id) VALUES ('r6346209-a7ea-4dre-8e74-pd1b5bbb6cf5', 'qqretest16',  'Проверочный16', 'Очень16', 'Валерьевна', null, null, '', false, true, '', false, 10);
INSERT INTO public.users (uuid, username, first_name, last_name, middle_name, birth_date, gender, address, address_visible, profile_visible, cellphone, cellphone_visible, file_id) VALUES ('s6346209-a7ea-4dre-8e74-qd1b5bbb6cf5', 'qqretest17',  'Проверочный17', 'Очень17', 'Валерьевна', null, null, '', false, true, '', false, 10);
INSERT INTO public.users (uuid, username, first_name, last_name, middle_name, birth_date, gender, address, address_visible, profile_visible, cellphone, cellphone_visible, file_id) VALUES ('t6346209-aaea-4dre-8e74-ad1b5bbb6cf5', 'qqreatest1',  'Проверочный1', 'Очень1', 'Валерьевна', null, null, '', false, true, '', false, 10);
INSERT INTO public.users (uuid, username, first_name, last_name, middle_name, birth_date, gender, address, address_visible, profile_visible, cellphone, cellphone_visible, file_id) VALUES ('u6346209-b7ea-4dre-8e74-bd1b5bbb6cf5', 'qqrebtest2',  'Проверочный2', 'Очень2', 'Валерьевна', null, null, '', false, true, '', false, 10);
INSERT INTO public.users (uuid, username, first_name, last_name, middle_name, birth_date, gender, address, address_visible, profile_visible, cellphone, cellphone_visible, file_id) VALUES ('v6346209-c7ea-4dre-8e74-cd1b5bbb6cf5', 'qqrectest3',  'Проверочный3', 'Очень3', 'Валерьевна', null, null, '', false, true, '', false, 10);
INSERT INTO public.users (uuid, username, first_name, last_name, middle_name, birth_date, gender, address, address_visible, profile_visible, cellphone, cellphone_visible, file_id) VALUES ('w6346209-d7ea-4dre-8e74-de1b5bbb6cf5', 'qqredtest4',  'Проверочный4', 'Очень4', 'Валерьевна', null, null, '', false, true, '', false, 10);
INSERT INTO public.users (uuid, username, first_name, last_name, middle_name, birth_date, gender, address, address_visible, profile_visible, cellphone, cellphone_visible, file_id) VALUES ('b1346209-e7ea-4dre-8e74-ed1b5bbb6cf5', 'qqreetest5',  'Проверочный5', 'Очень5', 'Валерьевна', null, null, '', false, true, '', false, 10);
INSERT INTO public.users (uuid, username, first_name, last_name, middle_name, birth_date, gender, address, address_visible, profile_visible, cellphone, cellphone_visible, file_id) VALUES ('b2346209-f7ea-4dre-8e74-fd1b5bbb6cf5', 'qqrertest6',  'Проверочный6', 'Очень6', 'Валерьевна', null, null, '', false, true, '', false, 10);
INSERT INTO public.users (uuid, username, first_name, last_name, middle_name, birth_date, gender, address, address_visible, profile_visible, cellphone, cellphone_visible, file_id) VALUES ('b3346209-g7ea-4dre-8e74-gd1b5bbb6cf5', 'qqrehtest7',  'Проверочный7', 'Очень7', 'Валерьевна', null, null, '', false, true, '', false, 10);
INSERT INTO public.users (uuid, username, first_name, last_name, middle_name, birth_date, gender, address, address_visible, profile_visible, cellphone, cellphone_visible, file_id) VALUES ('b4346209-h7ea-4dre-8e74-hd1b5bbb6cf5', 'qqreztest8',  'Проверочный8', 'Очень8', 'Валерьевна', null, null, '', false, true, '', false, 10);
INSERT INTO public.users (uuid, username, first_name, last_name, middle_name, birth_date, gender, address, address_visible, profile_visible, cellphone, cellphone_visible, file_id) VALUES ('b5346209-i7ea-4dre-8e74-id1b5bbb6cf5', 'qqrextest9',  'Проверочный9', 'Очень9', 'Валерьевна', null, null, '', false, true, '', false, 10);
INSERT INTO public.users (uuid, username, first_name, last_name, middle_name, birth_date, gender, address, address_visible, profile_visible, cellphone, cellphone_visible, file_id) VALUES ('b6646209-j7ea-4dre-8e74-jd1b5bbb6cf5', 'qqrevtest10', 'Проверочный10', 'Очень10', 'Валерьевна', null, null, '', false, true, '', false, 10);
INSERT INTO public.users (uuid, username, first_name, last_name, middle_name, birth_date, gender, address, address_visible, profile_visible, cellphone, cellphone_visible, file_id) VALUES ('b7346209-k7ea-4dre-8e74-kd1b5bbb6cf5', 'qqrentest11', 'Проверочный11', 'Очень11', 'Валерьевна', null, null, '', false, true, '', false, 10);
INSERT INTO public.users (uuid, username, first_name, last_name, middle_name, birth_date, gender, address, address_visible, profile_visible, cellphone, cellphone_visible, file_id) VALUES ('b8346209-m7ea-4dre-8e74-ld1b5bbb6cf5', 'qqremtest12', 'Проверочный12', 'Очень12', 'Валерьевна', null, null, '', false, true, '', false, 10);
INSERT INTO public.users (uuid, username, first_name, last_name, middle_name, birth_date, gender, address, address_visible, profile_visible, cellphone, cellphone_visible, file_id) VALUES ('b9346209-n7ea-4dre-8e74-md1b5bbb6cf5', 'qqrektest13', 'Проверочный13', 'Очень13', 'Валерьевна', null, null, '', false, true, '', false, 10);
INSERT INTO public.users (uuid, username, first_name, last_name, middle_name, birth_date, gender, address, address_visible, profile_visible, cellphone, cellphone_visible, file_id) VALUES ('b1046209-o7ea-4dre-8e74-nd1b5bbb6cf5', 'qqreitest14', 'Проверочный14', 'Очень14', 'Валерьевна', null, null, '', false, true, '', false, 10);
INSERT INTO public.users (uuid, username, first_name, last_name, middle_name, birth_date, gender, address, address_visible, profile_visible, cellphone, cellphone_visible, file_id) VALUES ('b1146209-p7ea-4dre-8e74-od1b5bbb6cf5', 'qqreytest15', 'Проверочный15', 'Очень15', 'Валерьевна', null, null, '', false, true, '', false, 10);
INSERT INTO public.users (uuid, username, first_name, last_name, middle_name, birth_date, gender, address, address_visible, profile_visible, cellphone, cellphone_visible, file_id) VALUES ('b1246209-q7ea-4dre-8e74-pd1b5bbb6cf5', 'qqrewtest16', 'Проверочный16', 'Очень16', 'Валерьевна', null, null, '', false, true, '', false, 10);
INSERT INTO public.users (uuid, username, first_name, last_name, middle_name, birth_date, gender, address, address_visible, profile_visible, cellphone, cellphone_visible, file_id) VALUES ('b1346209-r7ea-4dre-8e74-qd1b5bbb6cf5', 'qqreqtest17', 'Проверочный17', 'Очень17', 'Валерьевна', null, null, '', false, true, '', false, 10);

INSERT INTO public.user_details (user_uuid, username, password, email, enabled, social_id, auth_provider_id, role_id, accountnonexpired, credentialsnonexpired, accountnonlocked, registration_date) VALUES ('b6346209-a7ea-4dre-8e74-ad1b5bbb6cf5',  'qqretest1',   '084bc6e79bfe478c549e0b2fff7dfa89528219d497cc0ce05ae72addd884e48d1dc0ebf87a5c6d73', 'qqreumashev91234@mail.ru', true, null, 1, 2, true, true, true, '2014-05-03 00:28:46.558');
INSERT INTO public.user_details (user_uuid, username, password, email, enabled, social_id, auth_provider_id, role_id, accountnonexpired, credentialsnonexpired, accountnonlocked, registration_date) VALUES ('b6346209-a7ea-4dre-8e74-bd1b5bbb6cf5',  'qqretest2',   '084bc6e79bfe478c549e0b2fff7dfa89528219d497cc0ce05ae72addd884e48d1dc0ebf87a5c6d73', 'qqreumashev925235@mail.ru', true, null, 1, 2, true, true, true, '2014-05-03 00:28:46.558');
INSERT INTO public.user_details (user_uuid, username, password, email, enabled, social_id, auth_provider_id, role_id, accountnonexpired, credentialsnonexpired, accountnonlocked, registration_date) VALUES ('b6346209-a7ea-4dre-8e74-cd1b5bbb6cf5',  'qqretest3',   '084bc6e79bfe478c549e0b2fff7dfa89528219d497cc0ce05ae72addd884e48d1dc0ebf87a5c6d73', 'qqreumashev93235@mail.ru', true, null, 1, 2, true, true, true, '2014-05-03 00:28:46.558');
INSERT INTO public.user_details (user_uuid, username, password, email, enabled, social_id, auth_provider_id, role_id, accountnonexpired, credentialsnonexpired, accountnonlocked, registration_date) VALUES ('b6346209-a7ea-4dre-8e74-de1b5bbb6cf5',  'qqretest4',   '084bc6e79bfe478c549e0b2fff7dfa89528219d497cc0ce05ae72addd884e48d1dc0ebf87a5c6d73', 'qqreumashev94235@mail.ru', true, null, 1, 2, true, true, true, '2014-05-03 00:28:46.558');
INSERT INTO public.user_details (user_uuid, username, password, email, enabled, social_id, auth_provider_id, role_id, accountnonexpired, credentialsnonexpired, accountnonlocked, registration_date) VALUES ('b6346209-a7ea-4dre-8e74-ed1b5bbb6cf5',  'qqretest5',   '084bc6e79bfe478c549e0b2fff7dfa89528219d497cc0ce05ae72addd884e48d1dc0ebf87a5c6d73', 'qqreumashev95645@mail.ru', true, null, 1, 2, true, true, true, '2014-05-03 00:28:46.558');
INSERT INTO public.user_details (user_uuid, username, password, email, enabled, social_id, auth_provider_id, role_id, accountnonexpired, credentialsnonexpired, accountnonlocked, registration_date) VALUES ('b6346209-a7ea-4dre-8e74-fd1b5bbb6cf5',  'qqretest6',   '084bc6e79bfe478c549e0b2fff7dfa89528219d497cc0ce05ae72addd884e48d1dc0ebf87a5c6d73', 'qqreumashev9457326@mail.ru', true, null, 1, 2, true, true, true, '2014-05-03 00:28:46.558');
INSERT INTO public.user_details (user_uuid, username, password, email, enabled, social_id, auth_provider_id, role_id, accountnonexpired, credentialsnonexpired, accountnonlocked, registration_date) VALUES ('b6346209-a7ea-4dre-8e74-gd1b5bbb6cf5',  'qqretest7',   '084bc6e79bfe478c549e0b2fff7dfa89528219d497cc0ce05ae72addd884e48d1dc0ebf87a5c6d73', 'qqreumashev9235427@mail.ru', true, null, 1, 2, true, true, true, '2014-05-03 00:28:46.558');
INSERT INTO public.user_details (user_uuid, username, password, email, enabled, social_id, auth_provider_id, role_id, accountnonexpired, credentialsnonexpired, accountnonlocked, registration_date) VALUES ('b6346209-a7ea-4dre-8e74-hd1b5bbb6cf5',  'qqretest8',   '084bc6e79bfe478c549e0b2fff7dfa89528219d497cc0ce05ae72addd884e48d1dc0ebf87a5c6d73', 'qqreumashev925239@mail.ru', true, null, 1, 2, true, true, true, '2014-05-03 00:28:46.558');
INSERT INTO public.user_details (user_uuid, username, password, email, enabled, social_id, auth_provider_id, role_id, accountnonexpired, credentialsnonexpired, accountnonlocked, registration_date) VALUES ('b6346209-a7ea-4dre-8e74-id1b5bbb6cf5',  'qqretest9',   '084bc6e79bfe478c549e0b2fff7dfa89528219d497cc0ce05ae72addd884e48d1dc0ebf87a5c6d73', 'qqreumashev9102354235@mail.ru', true, null, 1, 2, true, true, true, '2014-05-03 00:28:46.558');
INSERT INTO public.user_details (user_uuid, username, password, email, enabled, social_id, auth_provider_id, role_id, accountnonexpired, credentialsnonexpired, accountnonlocked, registration_date) VALUES ('b6346209-a7ea-4dre-8e74-jd1b5bbb6cf5',  'qqretest10',  '084bc6e79bfe478c549e0b2fff7dfa89528219d497cc0ce05ae72addd884e48d1dc0ebf87a5c6d73', 'qqreumashev9123523510@mail.ru', true, null, 1, 2, true, true, true, '2014-05-03 00:28:46.558');
INSERT INTO public.user_details (user_uuid, username, password, email, enabled, social_id, auth_provider_id, role_id, accountnonexpired, credentialsnonexpired, accountnonlocked, registration_date) VALUES ('b6346209-a7ea-4dre-8e74-kd1b5bbb6cf5',  'qqretest11',  '084bc6e79bfe478c549e0b2fff7dfa89528219d497cc0ce05ae72addd884e48d1dc0ebf87a5c6d73', 'qqreumashev95424234120@mail.ru', true, null, 1, 2, true, true, true, '2014-05-03 00:28:46.558');
INSERT INTO public.user_details (user_uuid, username, password, email, enabled, social_id, auth_provider_id, role_id, accountnonexpired, credentialsnonexpired, accountnonlocked, registration_date) VALUES ('b6346209-a7ea-4dre-8e74-ld1b5bbb6cf5',  'qqretest12',  '084bc6e79bfe478c549e0b2fff7dfa89528219d497cc0ce05ae72addd884e48d1dc0ebf87a5c6d73', 'qqreumashev9123423430@mail.ru', true, null, 1, 2, true, true, true, '2014-05-03 00:28:46.558');
INSERT INTO public.user_details (user_uuid, username, password, email, enabled, social_id, auth_provider_id, role_id, accountnonexpired, credentialsnonexpired, accountnonlocked, registration_date) VALUES ('b6346209-a7ea-4dre-8e74-md1b5bbb6cf5',  'qqretest13',  '084bc6e79bfe478c549e0b2fff7dfa89528219d497cc0ce05ae72addd884e48d1dc0ebf87a5c6d73', 'qqreumashev9123523540@mail.ru', true, null, 1, 2, true, true, true, '2014-05-03 00:28:46.558');
INSERT INTO public.user_details (user_uuid, username, password, email, enabled, social_id, auth_provider_id, role_id, accountnonexpired, credentialsnonexpired, accountnonlocked, registration_date) VALUES ('b6346209-a7ea-4dre-8e74-nd1b5bbb6cf5',  'qqretest14',  '084bc6e79bfe478c549e0b2fff7dfa89528219d497cc0ce05ae72addd884e48d1dc0ebf87a5c6d73', 'qqreumashev91245250@mail.ru', true, null, 1, 2, true, true, true, '2014-05-03 00:28:46.558');
INSERT INTO public.user_details (user_uuid, username, password, email, enabled, social_id, auth_provider_id, role_id, accountnonexpired, credentialsnonexpired, accountnonlocked, registration_date) VALUES ('b6346209-a7ea-4dre-8e74-od1b5bbb6cf5',  'qqretest15',  '084bc6e79bfe478c549e0b2fff7dfa89528219d497cc0ce05ae72addd884e48d1dc0ebf87a5c6d73', 'qqreumashev19235260@mail.ru', true, null, 1, 2, true, true, true, '2014-05-03 00:28:46.558');
INSERT INTO public.user_details (user_uuid, username, password, email, enabled, social_id, auth_provider_id, role_id, accountnonexpired, credentialsnonexpired, accountnonlocked, registration_date) VALUES ('b6346209-a7ea-4dre-8e74-pd1b5bbb6cf5',  'qqretest16',  '084bc6e79bfe478c549e0b2fff7dfa89528219d497cc0ce05ae72addd884e48d1dc0ebf87a5c6d73', 'qqreumashev9124523560@mail.ru', true, null, 1, 2, true, true, true, '2014-05-03 00:28:46.558');
INSERT INTO public.user_details (user_uuid, username, password, email, enabled, social_id, auth_provider_id, role_id, accountnonexpired, credentialsnonexpired, accountnonlocked, registration_date) VALUES ('b6346209-a7ea-4dre-8e74-qd1b5bbb6cf5',  'qqretest17',  '084bc6e79bfe478c549e0b2fff7dfa89528219d497cc0ce05ae72addd884e48d1dc0ebf87a5c6d73', 'qqreumashev913452370@mail.ru', true, null, 1, 2, true, true, true, '2014-05-03 00:28:46.558');
INSERT INTO public.user_details (user_uuid, username, password, email, enabled, social_id, auth_provider_id, role_id, accountnonexpired, credentialsnonexpired, accountnonlocked, registration_date) VALUES ('b6346209-aaea-4dre-8e74-ad1b5bbb6cf5',  'qqreatest1',  '084bc6e79bfe478c549e0b2fff7dfa89528219d497cc0ce05ae72addd884e48d1dc0ebf87a5c6d73', 'qqreumashev91523544@mail.ru', true, null, 1, 2, true, true, true, '2014-05-03 00:28:46.558');
INSERT INTO public.user_details (user_uuid, username, password, email, enabled, social_id, auth_provider_id, role_id, accountnonexpired, credentialsnonexpired, accountnonlocked, registration_date) VALUES ('b6346209-b7ea-4dre-8e74-bd1b5bbb6cf5',  'qqrebtest2',  '084bc6e79bfe478c549e0b2fff7dfa89528219d497cc0ce05ae72addd884e48d1dc0ebf87a5c6d73', 'qqreumashev922352gg@mail.ru', true, null, 1, 2, true, true, true, '2014-05-03 00:28:46.558');
INSERT INTO public.user_details (user_uuid, username, password, email, enabled, social_id, auth_provider_id, role_id, accountnonexpired, credentialsnonexpired, accountnonlocked, registration_date) VALUES ('b6346209-c7ea-4dre-8e74-cd1b5bbb6cf5',  'qqrectest3',  '084bc6e79bfe478c549e0b2fff7dfa89528219d497cc0ce05ae72addd884e48d1dc0ebf87a5c6d73', 'qqreumashev93123@mail.ru', true, null, 1, 2, true, true, true, '2014-05-03 00:28:46.558');
INSERT INTO public.user_details (user_uuid, username, password, email, enabled, social_id, auth_provider_id, role_id, accountnonexpired, credentialsnonexpired, accountnonlocked, registration_date) VALUES ('b6346209-d7ea-4dre-8e74-de1b5bbb6cf5',  'qqredtest4',  '084bc6e79bfe478c549e0b2fff7dfa89528219d497cc0ce05ae72addd884e48d1dc0ebf87a5c6d73', 'qqreumashev94asd124@mail.ru', true, null, 1, 2, true, true, true, '2014-05-03 00:28:46.558');
INSERT INTO public.user_details (user_uuid, username, password, email, enabled, social_id, auth_provider_id, role_id, accountnonexpired, credentialsnonexpired, accountnonlocked, registration_date) VALUES ('b6346209-e7ea-4dre-8e74-ed1b5bbb6cf5',  'qqreetest5',  '084bc6e79bfe478c549e0b2fff7dfa89528219d497cc0ce05ae72addd884e48d1dc0ebf87a5c6d73', 'qqreumashev964cdwc35@mail.ru', true, null, 1, 2, true, true, true, '2014-05-03 00:28:46.558');
INSERT INTO public.user_details (user_uuid, username, password, email, enabled, social_id, auth_provider_id, role_id, accountnonexpired, credentialsnonexpired, accountnonlocked, registration_date) VALUES ('b6346209-f7ea-4dre-8e74-fd1b5bbb6cf5',  'qqrertest6',  '084bc6e79bfe478c549e0b2fff7dfa89528219d497cc0ce05ae72addd884e48d1dc0ebf87a5c6d73', 'qqreumashev96fewd634@mail.ru', true, null, 1, 2, true, true, true, '2014-05-03 00:28:46.558');
INSERT INTO public.user_details (user_uuid, username, password, email, enabled, social_id, auth_provider_id, role_id, accountnonexpired, credentialsnonexpired, accountnonlocked, registration_date) VALUES ('b6346209-g7ea-4dre-8e74-gd1b5bbb6cf5',  'qqrehtest7',  '084bc6e79bfe478c549e0b2fff7dfa89528219d497cc0ce05ae72addd884e48d1dc0ebf87a5c6d73', 'qqreumashev97214@mail.ru', true, null, 1, 2, true, true, true, '2014-05-03 00:28:46.558');
INSERT INTO public.user_details (user_uuid, username, password, email, enabled, social_id, auth_provider_id, role_id, accountnonexpired, credentialsnonexpired, accountnonlocked, registration_date) VALUES ('b6346209-h7ea-4dre-8e74-hd1b5bbb6cf5',  'qqreztest8',  '084bc6e79bfe478c549e0b2fff7dfa89528219d497cc0ce05ae72addd884e48d1dc0ebf87a5c6d73', 'qqreumashev9943543@mail.ru', true, null, 1, 2, true, true, true, '2014-05-03 00:28:46.558');
INSERT INTO public.user_details (user_uuid, username, password, email, enabled, social_id, auth_provider_id, role_id, accountnonexpired, credentialsnonexpired, accountnonlocked, registration_date) VALUES ('b6346209-i7ea-4dre-8e74-id1b5bbb6cf5',  'qqrextest9',  '084bc6e79bfe478c549e0b2fff7dfa89528219d497cc0ce05ae72addd884e48d1dc0ebf87a5c6d73', 'qqreumashev9wdcdw10@mail.ru', true, null, 1, 2, true, true, true, '2014-05-03 00:28:46.558');
INSERT INTO public.user_details (user_uuid, username, password, email, enabled, social_id, auth_provider_id, role_id, accountnonexpired, credentialsnonexpired, accountnonlocked, registration_date) VALUES ('b6346209-j7ea-4dre-8e74-jd1b5bbb6cf5',  'qqrevtest10', '084bc6e79bfe478c549e0b2fff7dfa89528219d497cc0ce05ae72addd884e48d1dc0ebf87a5c6d73', 'qqreumashev91cwdcdw10@mail.ru', true, null, 1, 2, true, true, true, '2014-05-03 00:28:46.558');
INSERT INTO public.user_details (user_uuid, username, password, email, enabled, social_id, auth_provider_id, role_id, accountnonexpired, credentialsnonexpired, accountnonlocked, registration_date) VALUES ('b6346209-k7ea-4dre-8e74-kd1b5bbb6cf5',  'qqrentest11', '084bc6e79bfe478c549e0b2fff7dfa89528219d497cc0ce05ae72addd884e48d1dc0ebf87a5c6d73', 'qqreumashev9cewce120@mail.ru', true, null, 1, 2, true, true, true, '2014-05-03 00:28:46.558');
INSERT INTO public.user_details (user_uuid, username, password, email, enabled, social_id, auth_provider_id, role_id, accountnonexpired, credentialsnonexpired, accountnonlocked, registration_date) VALUES ('b6346209-m7ea-4dre-8e74-ld1b5bbb6cf5',  'qqremtest12', '084bc6e79bfe478c549e0b2fff7dfa89528219d497cc0ce05ae72addd884e48d1dc0ebf87a5c6d73', 'qqreumashev913vrfrewg0@mail.ru', true, null, 1, 2, true, true, true, '2014-05-03 00:28:46.558');
INSERT INTO public.user_details (user_uuid, username, password, email, enabled, social_id, auth_provider_id, role_id, accountnonexpired, credentialsnonexpired, accountnonlocked, registration_date) VALUES ('b6346209-n7ea-4dre-8e74-md1b5bbb6cf5',  'qqrektest13', '084bc6e79bfe478c549e0b2fff7dfa89528219d497cc0ce05ae72addd884e48d1dc0ebf87a5c6d73', 'qqreumashev91evre40@mail.ru', true, null, 1, 2, true, true, true, '2014-05-03 00:28:46.558');
INSERT INTO public.user_details (user_uuid, username, password, email, enabled, social_id, auth_provider_id, role_id, accountnonexpired, credentialsnonexpired, accountnonlocked, registration_date) VALUES ('b6346209-o7ea-4dre-8e74-nd1b5bbb6cf5',  'qqreitest14', '084bc6e79bfe478c549e0b2fff7dfa89528219d497cc0ce05ae72addd884e48d1dc0ebf87a5c6d73', 'qqreumashev91wegweg50@mail.ru', true, null, 1, 2, true, true, true, '2014-05-03 00:28:46.558');
INSERT INTO public.user_details (user_uuid, username, password, email, enabled, social_id, auth_provider_id, role_id, accountnonexpired, credentialsnonexpired, accountnonlocked, registration_date) VALUES ('b6346209-p7ea-4dre-8e74-od1b5bbb6cf5',  'qqreytest15', '084bc6e79bfe478c549e0b2fff7dfa89528219d497cc0ce05ae72addd884e48d1dc0ebf87a5c6d73', 'qqreumashev19wegwg60@mail.ru', true, null, 1, 2, true, true, true, '2014-05-03 00:28:46.558');
INSERT INTO public.user_details (user_uuid, username, password, email, enabled, social_id, auth_provider_id, role_id, accountnonexpired, credentialsnonexpired, accountnonlocked, registration_date) VALUES ('b6346209-q7ea-4dre-8e74-pd1b5bbb6cf5',  'qqrewtest16', '084bc6e79bfe478c549e0b2fff7dfa89528219d497cc0ce05ae72addd884e48d1dc0ebf87a5c6d73', 'qqreumashev91wdcwd60@mail.ru', true, null, 1, 2, true, true, true, '2014-05-03 00:28:46.558');
INSERT INTO public.user_details (user_uuid, username, password, email, enabled, social_id, auth_provider_id, role_id, accountnonexpired, credentialsnonexpired, accountnonlocked, registration_date) VALUES ('b6346209-r7ea-4dre-8e74-qd1b5bbb6cf5',  'qqreqtest17', '084bc6e79bfe478c549e0b2fff7dfa89528219d497cc0ce05ae72addd884e48d1dc0ebf87a5c6d73', 'qqreumashev91wdc70@mail.ru', true, null, 1, 2, true, true, true, '2014-05-03 00:28:46.558');
INSERT INTO public.user_details (user_uuid, username, password, email, enabled, social_id, auth_provider_id, role_id, accountnonexpired, credentialsnonexpired, accountnonlocked, registration_date) VALUES ('a6346209-a7ea-4dre-8e74-ad1b5bbb6cf5',  'qqtest1',   '084bc6e79bfe478c549e0b2fff7dfa89528219d497cc0ce05ae72addd884e48d1dc0ebf87a5c6d73', 'qqumashev91234@mail.ru', true, null, 1, 2, true, true, true, '2014-05-03 00:28:46.558');
INSERT INTO public.user_details (user_uuid, username, password, email, enabled, social_id, auth_provider_id, role_id, accountnonexpired, credentialsnonexpired, accountnonlocked, registration_date) VALUES ('ba6346209-a7ea-4re3-8e74-bd1b5bbb6f5',  'qqtest2',   '084bc6e79bfe478c549e0b2fff7dfa89528219d497cc0ce05ae72addd884e48d1dc0ebf87a5c6d73', 'qqumashev925235@mail.ru', true, null, 1, 2, true, true, true, '2014-05-03 00:28:46.558');
INSERT INTO public.user_details (user_uuid, username, password, email, enabled, social_id, auth_provider_id, role_id, accountnonexpired, credentialsnonexpired, accountnonlocked, registration_date) VALUES ('c6346209-a7ea-4dre-8e74-cd1b5bbb6cf5',  'qqtest3',   '084bc6e79bfe478c549e0b2fff7dfa89528219d497cc0ce05ae72addd884e48d1dc0ebf87a5c6d73', 'qqumashev93235@mail.ru', true, null, 1, 2, true, true, true, '2014-05-03 00:28:46.558');
INSERT INTO public.user_details (user_uuid, username, password, email, enabled, social_id, auth_provider_id, role_id, accountnonexpired, credentialsnonexpired, accountnonlocked, registration_date) VALUES ('d6346209-a7ea-4dre-8e74-de1b5bbb6cf5',  'qqtest4',   '084bc6e79bfe478c549e0b2fff7dfa89528219d497cc0ce05ae72addd884e48d1dc0ebf87a5c6d73', 'qqumashev94235@mail.ru', true, null, 1, 2, true, true, true, '2014-05-03 00:28:46.558');
INSERT INTO public.user_details (user_uuid, username, password, email, enabled, social_id, auth_provider_id, role_id, accountnonexpired, credentialsnonexpired, accountnonlocked, registration_date) VALUES ('e6346209-a7ea-4dre-8e74-ed1b5bbb6cf5',  'qqtest5',   '084bc6e79bfe478c549e0b2fff7dfa89528219d497cc0ce05ae72addd884e48d1dc0ebf87a5c6d73', 'qqumashev95645@mail.ru', true, null, 1, 2, true, true, true, '2014-05-03 00:28:46.558');
INSERT INTO public.user_details (user_uuid, username, password, email, enabled, social_id, auth_provider_id, role_id, accountnonexpired, credentialsnonexpired, accountnonlocked, registration_date) VALUES ('f6346209-a7ea-4dre-8e74-fd1b5bbb6cf5',  'qqtest6',   '084bc6e79bfe478c549e0b2fff7dfa89528219d497cc0ce05ae72addd884e48d1dc0ebf87a5c6d73', 'qqumashev9457326@mail.ru', true, null, 1, 2, true, true, true, '2014-05-03 00:28:46.558');
INSERT INTO public.user_details (user_uuid, username, password, email, enabled, social_id, auth_provider_id, role_id, accountnonexpired, credentialsnonexpired, accountnonlocked, registration_date) VALUES ('g6346209-a7ea-4dre-8e74-gd1b5bbb6cf5',  'qqtest7',   '084bc6e79bfe478c549e0b2fff7dfa89528219d497cc0ce05ae72addd884e48d1dc0ebf87a5c6d73', 'qqumashev9235427@mail.ru', true, null, 1, 2, true, true, true, '2014-05-03 00:28:46.558');
INSERT INTO public.user_details (user_uuid, username, password, email, enabled, social_id, auth_provider_id, role_id, accountnonexpired, credentialsnonexpired, accountnonlocked, registration_date) VALUES ('h6346209-a7ea-4dre-8e74-hd1b5bbb6cf5',  'qqtest8',   '084bc6e79bfe478c549e0b2fff7dfa89528219d497cc0ce05ae72addd884e48d1dc0ebf87a5c6d73', 'qqumashev925239@mail.ru', true, null, 1, 2, true, true, true, '2014-05-03 00:28:46.558');
INSERT INTO public.user_details (user_uuid, username, password, email, enabled, social_id, auth_provider_id, role_id, accountnonexpired, credentialsnonexpired, accountnonlocked, registration_date) VALUES ('i6346209-a7ea-4dre-8e74-id1b5bbb6cf5',  'qqtest9',   '084bc6e79bfe478c549e0b2fff7dfa89528219d497cc0ce05ae72addd884e48d1dc0ebf87a5c6d73', 'qqumashev9102354235@mail.ru', true, null, 1, 2, true, true, true, '2014-05-03 00:28:46.558');
INSERT INTO public.user_details (user_uuid, username, password, email, enabled, social_id, auth_provider_id, role_id, accountnonexpired, credentialsnonexpired, accountnonlocked, registration_date) VALUES ('k6346209-a7ea-4dre-8e74-jd1b5bbb6cf5',  'qqtest10',  '084bc6e79bfe478c549e0b2fff7dfa89528219d497cc0ce05ae72addd884e48d1dc0ebf87a5c6d73', 'qqumashev9123523510@mail.ru', true, null, 1, 2, true, true, true, '2014-05-03 00:28:46.558');
INSERT INTO public.user_details (user_uuid, username, password, email, enabled, social_id, auth_provider_id, role_id, accountnonexpired, credentialsnonexpired, accountnonlocked, registration_date) VALUES ('m6346209-a7ea-4dre-8e74-kd1b5bbb6cf5',  'qqtest11',  '084bc6e79bfe478c549e0b2fff7dfa89528219d497cc0ce05ae72addd884e48d1dc0ebf87a5c6d73', 'qqumashev95424234120@mail.ru', true, null, 1, 2, true, true, true, '2014-05-03 00:28:46.558');
INSERT INTO public.user_details (user_uuid, username, password, email, enabled, social_id, auth_provider_id, role_id, accountnonexpired, credentialsnonexpired, accountnonlocked, registration_date) VALUES ('n6346209-a7ea-4dre-8e74-ld1b5bbb6cf5',  'qqtest12',  '084bc6e79bfe478c549e0b2fff7dfa89528219d497cc0ce05ae72addd884e48d1dc0ebf87a5c6d73', 'qqumashev9123423430@mail.ru', true, null, 1, 2, true, true, true, '2014-05-03 00:28:46.558');
INSERT INTO public.user_details (user_uuid, username, password, email, enabled, social_id, auth_provider_id, role_id, accountnonexpired, credentialsnonexpired, accountnonlocked, registration_date) VALUES ('o6346209-a7ea-4dre-8e74-md1b5bbb6cf5',  'qqtest13',  '084bc6e79bfe478c549e0b2fff7dfa89528219d497cc0ce05ae72addd884e48d1dc0ebf87a5c6d73', 'qqumashev9123523540@mail.ru', true, null, 1, 2, true, true, true, '2014-05-03 00:28:46.558');
INSERT INTO public.user_details (user_uuid, username, password, email, enabled, social_id, auth_provider_id, role_id, accountnonexpired, credentialsnonexpired, accountnonlocked, registration_date) VALUES ('p6346209-a7ea-4dre-8e74-nd1b5bbb6cf5',  'qqtest14',  '084bc6e79bfe478c549e0b2fff7dfa89528219d497cc0ce05ae72addd884e48d1dc0ebf87a5c6d73', 'qqumashev91245250@mail.ru', true, null, 1, 2, true, true, true, '2014-05-03 00:28:46.558');
INSERT INTO public.user_details (user_uuid, username, password, email, enabled, social_id, auth_provider_id, role_id, accountnonexpired, credentialsnonexpired, accountnonlocked, registration_date) VALUES ('q6346209-a7ea-4dre-8e74-od1b5bbb6cf5',  'qqtest15',  '084bc6e79bfe478c549e0b2fff7dfa89528219d497cc0ce05ae72addd884e48d1dc0ebf87a5c6d73', 'qqumashev19235260@mail.ru', true, null, 1, 2, true, true, true, '2014-05-03 00:28:46.558');
INSERT INTO public.user_details (user_uuid, username, password, email, enabled, social_id, auth_provider_id, role_id, accountnonexpired, credentialsnonexpired, accountnonlocked, registration_date) VALUES ('r6346209-a7ea-4dre-8e74-pd1b5bbb6cf5',  'qqtest16',  '084bc6e79bfe478c549e0b2fff7dfa89528219d497cc0ce05ae72addd884e48d1dc0ebf87a5c6d73', 'qqumashev9124523560@mail.ru', true, null, 1, 2, true, true, true, '2014-05-03 00:28:46.558');
INSERT INTO public.user_details (user_uuid, username, password, email, enabled, social_id, auth_provider_id, role_id, accountnonexpired, credentialsnonexpired, accountnonlocked, registration_date) VALUES ('s6346209-a7ea-4dre-8e74-qd1b5bbb6cf5',  'qqtest17',  '084bc6e79bfe478c549e0b2fff7dfa89528219d497cc0ce05ae72addd884e48d1dc0ebf87a5c6d73', 'qqumashev913452370@mail.ru', true, null, 1, 2, true, true, true, '2014-05-03 00:28:46.558');
INSERT INTO public.user_details (user_uuid, username, password, email, enabled, social_id, auth_provider_id, role_id, accountnonexpired, credentialsnonexpired, accountnonlocked, registration_date) VALUES ('t6346209-aaea-4dre-8e74-ad1b5bbb6cf5',  'qqatest1',  '084bc6e79bfe478c549e0b2fff7dfa89528219d497cc0ce05ae72addd884e48d1dc0ebf87a5c6d73', 'qqumashev91523544@mail.ru', true, null, 1, 2, true, true, true, '2014-05-03 00:28:46.558');
INSERT INTO public.user_details (user_uuid, username, password, email, enabled, social_id, auth_provider_id, role_id, accountnonexpired, credentialsnonexpired, accountnonlocked, registration_date) VALUES ('u6346209-b7ea-4dre-8e74-bd1b5bbb6cf5',  'qqbtest2',  '084bc6e79bfe478c549e0b2fff7dfa89528219d497cc0ce05ae72addd884e48d1dc0ebf87a5c6d73', 'qqumashev922352gg@mail.ru', true, null, 1, 2, true, true, true, '2014-05-03 00:28:46.558');
INSERT INTO public.user_details (user_uuid, username, password, email, enabled, social_id, auth_provider_id, role_id, accountnonexpired, credentialsnonexpired, accountnonlocked, registration_date) VALUES ('v6346209-c7ea-4dre-8e74-cd1b5bbb6cf5',  'qqctest3',  '084bc6e79bfe478c549e0b2fff7dfa89528219d497cc0ce05ae72addd884e48d1dc0ebf87a5c6d73', 'qqumashev93123@mail.ru', true, null, 1, 2, true, true, true, '2014-05-03 00:28:46.558');
INSERT INTO public.user_details (user_uuid, username, password, email, enabled, social_id, auth_provider_id, role_id, accountnonexpired, credentialsnonexpired, accountnonlocked, registration_date) VALUES ('w6346209-d7ea-4dre-8e74-de1b5bbb6cf5',  'qqdtest4',  '084bc6e79bfe478c549e0b2fff7dfa89528219d497cc0ce05ae72addd884e48d1dc0ebf87a5c6d73', 'qqumashev94asd124@mail.ru', true, null, 1, 2, true, true, true, '2014-05-03 00:28:46.558');
INSERT INTO public.user_details (user_uuid, username, password, email, enabled, social_id, auth_provider_id, role_id, accountnonexpired, credentialsnonexpired, accountnonlocked, registration_date) VALUES ('b1346209-e7ea-4dre-8e74-ed1b5bbb6cf5',  'qqetest5',  '084bc6e79bfe478c549e0b2fff7dfa89528219d497cc0ce05ae72addd884e48d1dc0ebf87a5c6d73', 'qqumashev964cdwc35@mail.ru', true, null, 1, 2, true, true, true, '2014-05-03 00:28:46.558');
INSERT INTO public.user_details (user_uuid, username, password, email, enabled, social_id, auth_provider_id, role_id, accountnonexpired, credentialsnonexpired, accountnonlocked, registration_date) VALUES ('b2346209-f7ea-4dre-8e74-fd1b5bbb6cf5',  'qqrtest6',  '084bc6e79bfe478c549e0b2fff7dfa89528219d497cc0ce05ae72addd884e48d1dc0ebf87a5c6d73', 'qqumashev96fewd634@mail.ru', true, null, 1, 2, true, true, true, '2014-05-03 00:28:46.558');
INSERT INTO public.user_details (user_uuid, username, password, email, enabled, social_id, auth_provider_id, role_id, accountnonexpired, credentialsnonexpired, accountnonlocked, registration_date) VALUES ('b3346209-g7ea-4dre-8e74-gd1b5bbb6cf5',  'qqhtest7',  '084bc6e79bfe478c549e0b2fff7dfa89528219d497cc0ce05ae72addd884e48d1dc0ebf87a5c6d73', 'qqumashev97214@mail.ru', true, null, 1, 2, true, true, true, '2014-05-03 00:28:46.558');
INSERT INTO public.user_details (user_uuid, username, password, email, enabled, social_id, auth_provider_id, role_id, accountnonexpired, credentialsnonexpired, accountnonlocked, registration_date) VALUES ('b4346209-h7ea-4dre-8e74-hd1b5bbb6cf5',  'qqztest8',  '084bc6e79bfe478c549e0b2fff7dfa89528219d497cc0ce05ae72addd884e48d1dc0ebf87a5c6d73', 'qqumashev9943543@mail.ru', true, null, 1, 2, true, true, true, '2014-05-03 00:28:46.558');
INSERT INTO public.user_details (user_uuid, username, password, email, enabled, social_id, auth_provider_id, role_id, accountnonexpired, credentialsnonexpired, accountnonlocked, registration_date) VALUES ('b5346209-i7ea-4dre-8e74-id1b5bbb6cf5',  'qqxtest9',  '084bc6e79bfe478c549e0b2fff7dfa89528219d497cc0ce05ae72addd884e48d1dc0ebf87a5c6d73', 'qqumashev9wdcdw10@mail.ru', true, null, 1, 2, true, true, true, '2014-05-03 00:28:46.558');
INSERT INTO public.user_details (user_uuid, username, password, email, enabled, social_id, auth_provider_id, role_id, accountnonexpired, credentialsnonexpired, accountnonlocked, registration_date) VALUES ('b6646209-j7ea-4dre-8e74-jd1b5bbb6cf5',  'qqvtest10', '084bc6e79bfe478c549e0b2fff7dfa89528219d497cc0ce05ae72addd884e48d1dc0ebf87a5c6d73', 'qqumashev91cwdcdw10@mail.ru', true, null, 1, 2, true, true, true, '2014-05-03 00:28:46.558');
INSERT INTO public.user_details (user_uuid, username, password, email, enabled, social_id, auth_provider_id, role_id, accountnonexpired, credentialsnonexpired, accountnonlocked, registration_date) VALUES ('b7346209-k7ea-4dre-8e74-kd1b5bbb6cf5',  'qqntest11', '084bc6e79bfe478c549e0b2fff7dfa89528219d497cc0ce05ae72addd884e48d1dc0ebf87a5c6d73', 'qqumashev9cewce120@mail.ru', true, null, 1, 2, true, true, true, '2014-05-03 00:28:46.558');
INSERT INTO public.user_details (user_uuid, username, password, email, enabled, social_id, auth_provider_id, role_id, accountnonexpired, credentialsnonexpired, accountnonlocked, registration_date) VALUES ('b8346209-m7ea-4dre-8e74-ld1b5bbb6cf5',  'qqmtest12', '084bc6e79bfe478c549e0b2fff7dfa89528219d497cc0ce05ae72addd884e48d1dc0ebf87a5c6d73', 'qqumashev913vrfrewg0@mail.ru', true, null, 1, 2, true, true, true, '2014-05-03 00:28:46.558');
INSERT INTO public.user_details (user_uuid, username, password, email, enabled, social_id, auth_provider_id, role_id, accountnonexpired, credentialsnonexpired, accountnonlocked, registration_date) VALUES ('b9346209-n7ea-4dre-8e74-md1b5bbb6cf5',  'qqktest13', '084bc6e79bfe478c549e0b2fff7dfa89528219d497cc0ce05ae72addd884e48d1dc0ebf87a5c6d73', 'qqumashev91evre40@mail.ru', true, null, 1, 2, true, true, true, '2014-05-03 00:28:46.558');
INSERT INTO public.user_details (user_uuid, username, password, email, enabled, social_id, auth_provider_id, role_id, accountnonexpired, credentialsnonexpired, accountnonlocked, registration_date) VALUES ('b1046209-o7ea-4dre-8e74-nd1b5bbb6cf5',  'qqitest14', '084bc6e79bfe478c549e0b2fff7dfa89528219d497cc0ce05ae72addd884e48d1dc0ebf87a5c6d73', 'qqumashev91wegweg50@mail.ru', true, null, 1, 2, true, true, true, '2014-05-03 00:28:46.558');
INSERT INTO public.user_details (user_uuid, username, password, email, enabled, social_id, auth_provider_id, role_id, accountnonexpired, credentialsnonexpired, accountnonlocked, registration_date) VALUES ('b1146209-p7ea-4dre-8e74-od1b5bbb6cf5',  'qqytest15', '084bc6e79bfe478c549e0b2fff7dfa89528219d497cc0ce05ae72addd884e48d1dc0ebf87a5c6d73', 'qqumashev19wegwg60@mail.ru', true, null, 1, 2, true, true, true, '2014-05-03 00:28:46.558');
INSERT INTO public.user_details (user_uuid, username, password, email, enabled, social_id, auth_provider_id, role_id, accountnonexpired, credentialsnonexpired, accountnonlocked, registration_date) VALUES ('b1246209-q7ea-4dre-8e74-pd1b5bbb6cf5',  'qqwtest16', '084bc6e79bfe478c549e0b2fff7dfa89528219d497cc0ce05ae72addd884e48d1dc0ebf87a5c6d73', 'qqumashev91wdcwd60@mail.ru', true, null, 1, 2, true, true, true, '2014-05-03 00:28:46.558');
INSERT INTO public.user_details (user_uuid, username, password, email, enabled, social_id, auth_provider_id, role_id, accountnonexpired, credentialsnonexpired, accountnonlocked, registration_date) VALUES ('b1346209-r7ea-4dre-8e74-qd1b5bbb6cf5',  'qqqtest17', '084bc6e79bfe478c549e0b2fff7dfa89528219d497cc0ce05ae72addd884e48d1dc0ebf87a5c6d73', 'qqumashev91wdc70@mail.ru', true, null, 1, 2, true, true, true, '2014-05-03 00:28:46.558');

--
INSERT INTO public.user_details (user_uuid, username, password, email, enabled, social_id, auth_provider_id, role_id, accountnonexpired, credentialsnonexpired, accountnonlocked, registration_date) VALUES ('a6346209-a7ea-4db3-8e74-ad1b5bbb6cf5',  'retest1',   '084bc6e79bfe478c549e0b2fff7dfa89528219d497cc0ce05ae72addd884e48d1dc0ebf87a5c6d73', 'reumashev91234@mail.ru', true, null, 1, 2, true, true, true, '2014-05-03 00:28:46.558');
INSERT INTO public.user_details (user_uuid, username, password, email, enabled, social_id, auth_provider_id, role_id, accountnonexpired, credentialsnonexpired, accountnonlocked, registration_date) VALUES ('ba6346209-a7ea-4db3-8e74-bd1b5bbb6f5',  'retest2',   '084bc6e79bfe478c549e0b2fff7dfa89528219d497cc0ce05ae72addd884e48d1dc0ebf87a5c6d73', 'reumashev925235@mail.ru', true, null, 1, 2, true, true, true, '2014-05-03 00:28:46.558');
INSERT INTO public.user_details (user_uuid, username, password, email, enabled, social_id, auth_provider_id, role_id, accountnonexpired, credentialsnonexpired, accountnonlocked, registration_date) VALUES ('c6346209-a7ea-4db3-8e74-cd1b5bbb6cf5',  'retest3',   '084bc6e79bfe478c549e0b2fff7dfa89528219d497cc0ce05ae72addd884e48d1dc0ebf87a5c6d73', 'reumashev93235@mail.ru', true, null, 1, 2, true, true, true, '2014-05-03 00:28:46.558');
INSERT INTO public.user_details (user_uuid, username, password, email, enabled, social_id, auth_provider_id, role_id, accountnonexpired, credentialsnonexpired, accountnonlocked, registration_date) VALUES ('d6346209-a7ea-4db3-8e74-de1b5bbb6cf5',  'retest4',   '084bc6e79bfe478c549e0b2fff7dfa89528219d497cc0ce05ae72addd884e48d1dc0ebf87a5c6d73', 'reumashev94235@mail.ru', true, null, 1, 2, true, true, true, '2014-05-03 00:28:46.558');
INSERT INTO public.user_details (user_uuid, username, password, email, enabled, social_id, auth_provider_id, role_id, accountnonexpired, credentialsnonexpired, accountnonlocked, registration_date) VALUES ('e6346209-a7ea-4db3-8e74-ed1b5bbb6cf5',  'retest5',   '084bc6e79bfe478c549e0b2fff7dfa89528219d497cc0ce05ae72addd884e48d1dc0ebf87a5c6d73', 'reumashev95645@mail.ru', true, null, 1, 2, true, true, true, '2014-05-03 00:28:46.558');
INSERT INTO public.user_details (user_uuid, username, password, email, enabled, social_id, auth_provider_id, role_id, accountnonexpired, credentialsnonexpired, accountnonlocked, registration_date) VALUES ('f6346209-a7ea-4db3-8e74-fd1b5bbb6cf5',  'retest6',   '084bc6e79bfe478c549e0b2fff7dfa89528219d497cc0ce05ae72addd884e48d1dc0ebf87a5c6d73', 'reumashev9457326@mail.ru', true, null, 1, 2, true, true, true, '2014-05-03 00:28:46.558');
INSERT INTO public.user_details (user_uuid, username, password, email, enabled, social_id, auth_provider_id, role_id, accountnonexpired, credentialsnonexpired, accountnonlocked, registration_date) VALUES ('g6346209-a7ea-4db3-8e74-gd1b5bbb6cf5',  'retest7',   '084bc6e79bfe478c549e0b2fff7dfa89528219d497cc0ce05ae72addd884e48d1dc0ebf87a5c6d73', 'reumashev9235427@mail.ru', true, null, 1, 2, true, true, true, '2014-05-03 00:28:46.558');
INSERT INTO public.user_details (user_uuid, username, password, email, enabled, social_id, auth_provider_id, role_id, accountnonexpired, credentialsnonexpired, accountnonlocked, registration_date) VALUES ('h6346209-a7ea-4db3-8e74-hd1b5bbb6cf5',  'retest8',   '084bc6e79bfe478c549e0b2fff7dfa89528219d497cc0ce05ae72addd884e48d1dc0ebf87a5c6d73', 'reumashev925239@mail.ru', true, null, 1, 2, true, true, true, '2014-05-03 00:28:46.558');
INSERT INTO public.user_details (user_uuid, username, password, email, enabled, social_id, auth_provider_id, role_id, accountnonexpired, credentialsnonexpired, accountnonlocked, registration_date) VALUES ('i6346209-a7ea-4db3-8e74-id1b5bbb6cf5',  'retest9',   '084bc6e79bfe478c549e0b2fff7dfa89528219d497cc0ce05ae72addd884e48d1dc0ebf87a5c6d73', 'reumashev9102354235@mail.ru', true, null, 1, 2, true, true, true, '2014-05-03 00:28:46.558');
INSERT INTO public.user_details (user_uuid, username, password, email, enabled, social_id, auth_provider_id, role_id, accountnonexpired, credentialsnonexpired, accountnonlocked, registration_date) VALUES ('k6346209-a7ea-4db3-8e74-jd1b5bbb6cf5',  'retest10',  '084bc6e79bfe478c549e0b2fff7dfa89528219d497cc0ce05ae72addd884e48d1dc0ebf87a5c6d73', 'reumashev9123523510@mail.ru', true, null, 1, 2, true, true, true, '2014-05-03 00:28:46.558');
INSERT INTO public.user_details (user_uuid, username, password, email, enabled, social_id, auth_provider_id, role_id, accountnonexpired, credentialsnonexpired, accountnonlocked, registration_date) VALUES ('m6346209-a7ea-4db3-8e74-kd1b5bbb6cf5',  'retest11',  '084bc6e79bfe478c549e0b2fff7dfa89528219d497cc0ce05ae72addd884e48d1dc0ebf87a5c6d73', 'reumashev95424234120@mail.ru', true, null, 1, 2, true, true, true, '2014-05-03 00:28:46.558');
INSERT INTO public.user_details (user_uuid, username, password, email, enabled, social_id, auth_provider_id, role_id, accountnonexpired, credentialsnonexpired, accountnonlocked, registration_date) VALUES ('n6346209-a7ea-4db3-8e74-ld1b5bbb6cf5',  'retest12',  '084bc6e79bfe478c549e0b2fff7dfa89528219d497cc0ce05ae72addd884e48d1dc0ebf87a5c6d73', 'reumashev9123423430@mail.ru', true, null, 1, 2, true, true, true, '2014-05-03 00:28:46.558');
INSERT INTO public.user_details (user_uuid, username, password, email, enabled, social_id, auth_provider_id, role_id, accountnonexpired, credentialsnonexpired, accountnonlocked, registration_date) VALUES ('o6346209-a7ea-4db3-8e74-md1b5bbb6cf5',  'retest13',  '084bc6e79bfe478c549e0b2fff7dfa89528219d497cc0ce05ae72addd884e48d1dc0ebf87a5c6d73', 'reumashev9123523540@mail.ru', true, null, 1, 2, true, true, true, '2014-05-03 00:28:46.558');
INSERT INTO public.user_details (user_uuid, username, password, email, enabled, social_id, auth_provider_id, role_id, accountnonexpired, credentialsnonexpired, accountnonlocked, registration_date) VALUES ('p6346209-a7ea-4db3-8e74-nd1b5bbb6cf5',  'retest14',  '084bc6e79bfe478c549e0b2fff7dfa89528219d497cc0ce05ae72addd884e48d1dc0ebf87a5c6d73', 'reumashev91245250@mail.ru', true, null, 1, 2, true, true, true, '2014-05-03 00:28:46.558');
INSERT INTO public.user_details (user_uuid, username, password, email, enabled, social_id, auth_provider_id, role_id, accountnonexpired, credentialsnonexpired, accountnonlocked, registration_date) VALUES ('q6346209-a7ea-4db3-8e74-od1b5bbb6cf5',  'retest15',  '084bc6e79bfe478c549e0b2fff7dfa89528219d497cc0ce05ae72addd884e48d1dc0ebf87a5c6d73', 'reumashev19235260@mail.ru', true, null, 1, 2, true, true, true, '2014-05-03 00:28:46.558');
INSERT INTO public.user_details (user_uuid, username, password, email, enabled, social_id, auth_provider_id, role_id, accountnonexpired, credentialsnonexpired, accountnonlocked, registration_date) VALUES ('r6346209-a7ea-4db3-8e74-pd1b5bbb6cf5',  'retest16',  '084bc6e79bfe478c549e0b2fff7dfa89528219d497cc0ce05ae72addd884e48d1dc0ebf87a5c6d73', 'reumashev9124523560@mail.ru', true, null, 1, 2, true, true, true, '2014-05-03 00:28:46.558');
INSERT INTO public.user_details (user_uuid, username, password, email, enabled, social_id, auth_provider_id, role_id, accountnonexpired, credentialsnonexpired, accountnonlocked, registration_date) VALUES ('s6346209-a7ea-4db3-8e74-qd1b5bbb6cf5',  'retest17',  '084bc6e79bfe478c549e0b2fff7dfa89528219d497cc0ce05ae72addd884e48d1dc0ebf87a5c6d73', 'reumashev913452370@mail.ru', true, null, 1, 2, true, true, true, '2014-05-03 00:28:46.558');
INSERT INTO public.user_details (user_uuid, username, password, email, enabled, social_id, auth_provider_id, role_id, accountnonexpired, credentialsnonexpired, accountnonlocked, registration_date) VALUES ('t6346209-aaea-4db3-8e74-ad1b5bbb6cf5',  'reatest1',  '084bc6e79bfe478c549e0b2fff7dfa89528219d497cc0ce05ae72addd884e48d1dc0ebf87a5c6d73', 'reumashev91523544@mail.ru', true, null, 1, 2, true, true, true, '2014-05-03 00:28:46.558');
INSERT INTO public.user_details (user_uuid, username, password, email, enabled, social_id, auth_provider_id, role_id, accountnonexpired, credentialsnonexpired, accountnonlocked, registration_date) VALUES ('u6346209-b7ea-4db3-8e74-bd1b5bbb6cf5',  'rebtest2',  '084bc6e79bfe478c549e0b2fff7dfa89528219d497cc0ce05ae72addd884e48d1dc0ebf87a5c6d73', 'reumashev922352gg@mail.ru', true, null, 1, 2, true, true, true, '2014-05-03 00:28:46.558');
INSERT INTO public.user_details (user_uuid, username, password, email, enabled, social_id, auth_provider_id, role_id, accountnonexpired, credentialsnonexpired, accountnonlocked, registration_date) VALUES ('v6346209-c7ea-4db3-8e74-cd1b5bbb6cf5',  'rectest3',  '084bc6e79bfe478c549e0b2fff7dfa89528219d497cc0ce05ae72addd884e48d1dc0ebf87a5c6d73', 'reumashev93123@mail.ru', true, null, 1, 2, true, true, true, '2014-05-03 00:28:46.558');
INSERT INTO public.user_details (user_uuid, username, password, email, enabled, social_id, auth_provider_id, role_id, accountnonexpired, credentialsnonexpired, accountnonlocked, registration_date) VALUES ('w6346209-d7ea-4db3-8e74-de1b5bbb6cf5',  'redtest4',  '084bc6e79bfe478c549e0b2fff7dfa89528219d497cc0ce05ae72addd884e48d1dc0ebf87a5c6d73', 'reumashev94asd124@mail.ru', true, null, 1, 2, true, true, true, '2014-05-03 00:28:46.558');
INSERT INTO public.user_details (user_uuid, username, password, email, enabled, social_id, auth_provider_id, role_id, accountnonexpired, credentialsnonexpired, accountnonlocked, registration_date) VALUES ('b1346209-e7ea-4db3-8e74-ed1b5bbb6cf5',  'reetest5',  '084bc6e79bfe478c549e0b2fff7dfa89528219d497cc0ce05ae72addd884e48d1dc0ebf87a5c6d73', 'reumashev964cdwc35@mail.ru', true, null, 1, 2, true, true, true, '2014-05-03 00:28:46.558');
INSERT INTO public.user_details (user_uuid, username, password, email, enabled, social_id, auth_provider_id, role_id, accountnonexpired, credentialsnonexpired, accountnonlocked, registration_date) VALUES ('b2346209-f7ea-4db3-8e74-fd1b5bbb6cf5',  'rertest6',  '084bc6e79bfe478c549e0b2fff7dfa89528219d497cc0ce05ae72addd884e48d1dc0ebf87a5c6d73', 'reumashev96fewd634@mail.ru', true, null, 1, 2, true, true, true, '2014-05-03 00:28:46.558');
INSERT INTO public.user_details (user_uuid, username, password, email, enabled, social_id, auth_provider_id, role_id, accountnonexpired, credentialsnonexpired, accountnonlocked, registration_date) VALUES ('b3346209-g7ea-4db3-8e74-gd1b5bbb6cf5',  'rehtest7',  '084bc6e79bfe478c549e0b2fff7dfa89528219d497cc0ce05ae72addd884e48d1dc0ebf87a5c6d73', 'reumashev97214@mail.ru', true, null, 1, 2, true, true, true, '2014-05-03 00:28:46.558');
INSERT INTO public.user_details (user_uuid, username, password, email, enabled, social_id, auth_provider_id, role_id, accountnonexpired, credentialsnonexpired, accountnonlocked, registration_date) VALUES ('b4346209-h7ea-4db3-8e74-hd1b5bbb6cf5',  'reztest8',  '084bc6e79bfe478c549e0b2fff7dfa89528219d497cc0ce05ae72addd884e48d1dc0ebf87a5c6d73', 'reumashev9943543@mail.ru', true, null, 1, 2, true, true, true, '2014-05-03 00:28:46.558');
INSERT INTO public.user_details (user_uuid, username, password, email, enabled, social_id, auth_provider_id, role_id, accountnonexpired, credentialsnonexpired, accountnonlocked, registration_date) VALUES ('b5346209-i7ea-4db3-8e74-id1b5bbb6cf5',  'rextest9',  '084bc6e79bfe478c549e0b2fff7dfa89528219d497cc0ce05ae72addd884e48d1dc0ebf87a5c6d73', 'reumashev9wdcdw10@mail.ru', true, null, 1, 2, true, true, true, '2014-05-03 00:28:46.558');
INSERT INTO public.user_details (user_uuid, username, password, email, enabled, social_id, auth_provider_id, role_id, accountnonexpired, credentialsnonexpired, accountnonlocked, registration_date) VALUES ('b6646209-j7ea-4db3-8e74-jd1b5bbb6cf5',  'revtest10', '084bc6e79bfe478c549e0b2fff7dfa89528219d497cc0ce05ae72addd884e48d1dc0ebf87a5c6d73', 'reumashev91cwdcdw10@mail.ru', true, null, 1, 2, true, true, true, '2014-05-03 00:28:46.558');
INSERT INTO public.user_details (user_uuid, username, password, email, enabled, social_id, auth_provider_id, role_id, accountnonexpired, credentialsnonexpired, accountnonlocked, registration_date) VALUES ('b7346209-k7ea-4db3-8e74-kd1b5bbb6cf5',  'rentest11', '084bc6e79bfe478c549e0b2fff7dfa89528219d497cc0ce05ae72addd884e48d1dc0ebf87a5c6d73', 'reumashev9cewce120@mail.ru', true, null, 1, 2, true, true, true, '2014-05-03 00:28:46.558');
INSERT INTO public.user_details (user_uuid, username, password, email, enabled, social_id, auth_provider_id, role_id, accountnonexpired, credentialsnonexpired, accountnonlocked, registration_date) VALUES ('b8346209-m7ea-4db3-8e74-ld1b5bbb6cf5',  'remtest12', '084bc6e79bfe478c549e0b2fff7dfa89528219d497cc0ce05ae72addd884e48d1dc0ebf87a5c6d73', 'reumashev913vrfrewg0@mail.ru', true, null, 1, 2, true, true, true, '2014-05-03 00:28:46.558');
INSERT INTO public.user_details (user_uuid, username, password, email, enabled, social_id, auth_provider_id, role_id, accountnonexpired, credentialsnonexpired, accountnonlocked, registration_date) VALUES ('b9346209-n7ea-4db3-8e74-md1b5bbb6cf5',  'rektest13', '084bc6e79bfe478c549e0b2fff7dfa89528219d497cc0ce05ae72addd884e48d1dc0ebf87a5c6d73', 'reumashev91evre40@mail.ru', true, null, 1, 2, true, true, true, '2014-05-03 00:28:46.558');
INSERT INTO public.user_details (user_uuid, username, password, email, enabled, social_id, auth_provider_id, role_id, accountnonexpired, credentialsnonexpired, accountnonlocked, registration_date) VALUES ('b1046209-o7ea-4db3-8e74-nd1b5bbb6cf5',  'reitest14', '084bc6e79bfe478c549e0b2fff7dfa89528219d497cc0ce05ae72addd884e48d1dc0ebf87a5c6d73', 'reumashev91wegweg50@mail.ru', true, null, 1, 2, true, true, true, '2014-05-03 00:28:46.558');
INSERT INTO public.user_details (user_uuid, username, password, email, enabled, social_id, auth_provider_id, role_id, accountnonexpired, credentialsnonexpired, accountnonlocked, registration_date) VALUES ('b1146209-p7ea-4db3-8e74-od1b5bbb6cf5',  'reytest15', '084bc6e79bfe478c549e0b2fff7dfa89528219d497cc0ce05ae72addd884e48d1dc0ebf87a5c6d73', 'reumashev19wegwg60@mail.ru', true, null, 1, 2, true, true, true, '2014-05-03 00:28:46.558');
INSERT INTO public.user_details (user_uuid, username, password, email, enabled, social_id, auth_provider_id, role_id, accountnonexpired, credentialsnonexpired, accountnonlocked, registration_date) VALUES ('b1246209-q7ea-4db3-8e74-pd1b5bbb6cf5',  'rewtest16', '084bc6e79bfe478c549e0b2fff7dfa89528219d497cc0ce05ae72addd884e48d1dc0ebf87a5c6d73', 'reumashev91wdcwd60@mail.ru', true, null, 1, 2, true, true, true, '2014-05-03 00:28:46.558');
INSERT INTO public.user_details (user_uuid, username, password, email, enabled, social_id, auth_provider_id, role_id, accountnonexpired, credentialsnonexpired, accountnonlocked, registration_date) VALUES ('b1346209-r7ea-4db3-8e74-qd1b5bbb6cf5',  'reqtest17', '084bc6e79bfe478c549e0b2fff7dfa89528219d497cc0ce05ae72addd884e48d1dc0ebf87a5c6d73', 'reumashev91wdc70@mail.ru', true, null, 1, 2, true, true, true, '2014-05-03 00:28:46.558');
INSERT INTO public.user_details (user_uuid, username, password, email, enabled, social_id, auth_provider_id, role_id, accountnonexpired, credentialsnonexpired, accountnonlocked, registration_date) VALUES ('b6346209-aaea-4db3-8e74-ad1b5bbb6cf5',  'test1',   '084bc6e79bfe478c549e0b2fff7dfa89528219d497cc0ce05ae72addd884e48d1dc0ebf87a5c6d73', 'umashev91234@mail.ru', true, null, 1, 2, true, true, true, '2014-05-03 00:28:46.558');
INSERT INTO public.user_details (user_uuid, username, password, email, enabled, social_id, auth_provider_id, role_id, accountnonexpired, credentialsnonexpired, accountnonlocked, registration_date) VALUES ('b6346209-b7ea-4db3-8e74-bd1b5bbb6cf5',  'test2',   '084bc6e79bfe478c549e0b2fff7dfa89528219d497cc0ce05ae72addd884e48d1dc0ebf87a5c6d73', 'umashev925235@mail.ru', true, null, 1, 2, true, true, true, '2014-05-03 00:28:46.558');
INSERT INTO public.user_details (user_uuid, username, password, email, enabled, social_id, auth_provider_id, role_id, accountnonexpired, credentialsnonexpired, accountnonlocked, registration_date) VALUES ('b6346209-c7ea-4db3-8e74-cd1b5bbb6cf5',  'test3',   '084bc6e79bfe478c549e0b2fff7dfa89528219d497cc0ce05ae72addd884e48d1dc0ebf87a5c6d73', 'umashev93235@mail.ru', true, null, 1, 2, true, true, true, '2014-05-03 00:28:46.558');
INSERT INTO public.user_details (user_uuid, username, password, email, enabled, social_id, auth_provider_id, role_id, accountnonexpired, credentialsnonexpired, accountnonlocked, registration_date) VALUES ('b6346209-d7ea-4db3-8e74-de1b5bbb6cf5',  'test4',   '084bc6e79bfe478c549e0b2fff7dfa89528219d497cc0ce05ae72addd884e48d1dc0ebf87a5c6d73', 'umashev94235@mail.ru', true, null, 1, 2, true, true, true, '2014-05-03 00:28:46.558');
INSERT INTO public.user_details (user_uuid, username, password, email, enabled, social_id, auth_provider_id, role_id, accountnonexpired, credentialsnonexpired, accountnonlocked, registration_date) VALUES ('b6346209-e7ea-4db3-8e74-ed1b5bbb6cf5',  'test5',   '084bc6e79bfe478c549e0b2fff7dfa89528219d497cc0ce05ae72addd884e48d1dc0ebf87a5c6d73', 'umashev95645@mail.ru', true, null, 1, 2, true, true, true, '2014-05-03 00:28:46.558');
INSERT INTO public.user_details (user_uuid, username, password, email, enabled, social_id, auth_provider_id, role_id, accountnonexpired, credentialsnonexpired, accountnonlocked, registration_date) VALUES ('b6346209-f7ea-4db3-8e74-fd1b5bbb6cf5',  'test6',   '084bc6e79bfe478c549e0b2fff7dfa89528219d497cc0ce05ae72addd884e48d1dc0ebf87a5c6d73', 'umashev9457326@mail.ru', true, null, 1, 2, true, true, true, '2014-05-03 00:28:46.558');
INSERT INTO public.user_details (user_uuid, username, password, email, enabled, social_id, auth_provider_id, role_id, accountnonexpired, credentialsnonexpired, accountnonlocked, registration_date) VALUES ('b6346209-g7ea-4db3-8e74-gd1b5bbb6cf5',  'test7',   '084bc6e79bfe478c549e0b2fff7dfa89528219d497cc0ce05ae72addd884e48d1dc0ebf87a5c6d73', 'umashev9235427@mail.ru', true, null, 1, 2, true, true, true, '2014-05-03 00:28:46.558');
INSERT INTO public.user_details (user_uuid, username, password, email, enabled, social_id, auth_provider_id, role_id, accountnonexpired, credentialsnonexpired, accountnonlocked, registration_date) VALUES ('b6346209-h7ea-4db3-8e74-hd1b5bbb6cf5',  'test8',   '084bc6e79bfe478c549e0b2fff7dfa89528219d497cc0ce05ae72addd884e48d1dc0ebf87a5c6d73', 'umashev925239@mail.ru', true, null, 1, 2, true, true, true, '2014-05-03 00:28:46.558');
INSERT INTO public.user_details (user_uuid, username, password, email, enabled, social_id, auth_provider_id, role_id, accountnonexpired, credentialsnonexpired, accountnonlocked, registration_date) VALUES ('b6346209-i7ea-4db3-8e74-id1b5bbb6cf5',  'test9',   '084bc6e79bfe478c549e0b2fff7dfa89528219d497cc0ce05ae72addd884e48d1dc0ebf87a5c6d73', 'umashev9102354235@mail.ru', true, null, 1, 2, true, true, true, '2014-05-03 00:28:46.558');
INSERT INTO public.user_details (user_uuid, username, password, email, enabled, social_id, auth_provider_id, role_id, accountnonexpired, credentialsnonexpired, accountnonlocked, registration_date) VALUES ('b6346209-j7ea-4db3-8e74-jd1b5bbb6cf5',  'test10',  '084bc6e79bfe478c549e0b2fff7dfa89528219d497cc0ce05ae72addd884e48d1dc0ebf87a5c6d73', 'umashev9123523510@mail.ru', true, null, 1, 2, true, true, true, '2014-05-03 00:28:46.558');
INSERT INTO public.user_details (user_uuid, username, password, email, enabled, social_id, auth_provider_id, role_id, accountnonexpired, credentialsnonexpired, accountnonlocked, registration_date) VALUES ('b6346209-k7ea-4db3-8e74-kd1b5bbb6cf5',  'test11',  '084bc6e79bfe478c549e0b2fff7dfa89528219d497cc0ce05ae72addd884e48d1dc0ebf87a5c6d73', 'umashev95424234120@mail.ru', true, null, 1, 2, true, true, true, '2014-05-03 00:28:46.558');
INSERT INTO public.user_details (user_uuid, username, password, email, enabled, social_id, auth_provider_id, role_id, accountnonexpired, credentialsnonexpired, accountnonlocked, registration_date) VALUES ('b6346209-m7ea-4db3-8e74-ld1b5bbb6cf5',  'test12',  '084bc6e79bfe478c549e0b2fff7dfa89528219d497cc0ce05ae72addd884e48d1dc0ebf87a5c6d73', 'umashev9123423430@mail.ru', true, null, 1, 2, true, true, true, '2014-05-03 00:28:46.558');
INSERT INTO public.user_details (user_uuid, username, password, email, enabled, social_id, auth_provider_id, role_id, accountnonexpired, credentialsnonexpired, accountnonlocked, registration_date) VALUES ('b6346209-n7ea-4db3-8e74-md1b5bbb6cf5',  'test13',  '084bc6e79bfe478c549e0b2fff7dfa89528219d497cc0ce05ae72addd884e48d1dc0ebf87a5c6d73', 'umashev9123523540@mail.ru', true, null, 1, 2, true, true, true, '2014-05-03 00:28:46.558');
INSERT INTO public.user_details (user_uuid, username, password, email, enabled, social_id, auth_provider_id, role_id, accountnonexpired, credentialsnonexpired, accountnonlocked, registration_date) VALUES ('b6346209-o7ea-4db3-8e74-nd1b5bbb6cf5',  'test14',  '084bc6e79bfe478c549e0b2fff7dfa89528219d497cc0ce05ae72addd884e48d1dc0ebf87a5c6d73', 'umashev91245250@mail.ru', true, null, 1, 2, true, true, true, '2014-05-03 00:28:46.558');
INSERT INTO public.user_details (user_uuid, username, password, email, enabled, social_id, auth_provider_id, role_id, accountnonexpired, credentialsnonexpired, accountnonlocked, registration_date) VALUES ('b6346209-p7ea-4db3-8e74-od1b5bbb6cf5',  'test15',  '084bc6e79bfe478c549e0b2fff7dfa89528219d497cc0ce05ae72addd884e48d1dc0ebf87a5c6d73', 'umashev19235260@mail.ru', true, null, 1, 2, true, true, true, '2014-05-03 00:28:46.558');
INSERT INTO public.user_details (user_uuid, username, password, email, enabled, social_id, auth_provider_id, role_id, accountnonexpired, credentialsnonexpired, accountnonlocked, registration_date) VALUES ('b6346209-q7ea-4db3-8e74-pd1b5bbb6cf5',  'test16',  '084bc6e79bfe478c549e0b2fff7dfa89528219d497cc0ce05ae72addd884e48d1dc0ebf87a5c6d73', 'umashev9124523560@mail.ru', true, null, 1, 2, true, true, true, '2014-05-03 00:28:46.558');
INSERT INTO public.user_details (user_uuid, username, password, email, enabled, social_id, auth_provider_id, role_id, accountnonexpired, credentialsnonexpired, accountnonlocked, registration_date) VALUES ('b6346209-r7ea-4db3-8e74-qd1b5bbb6cf5',  'test17',  '084bc6e79bfe478c549e0b2fff7dfa89528219d497cc0ce05ae72addd884e48d1dc0ebf87a5c6d73', 'umashev913452370@mail.ru', true, null, 1, 2, true, true, true, '2014-05-03 00:28:46.558');
INSERT INTO public.user_details (user_uuid, username, password, email, enabled, social_id, auth_provider_id, role_id, accountnonexpired, credentialsnonexpired, accountnonlocked, registration_date) VALUES ('b6346209-a7ea-4db3-8e74-ad1b5bbb6cf5',  'atest1',  '084bc6e79bfe478c549e0b2fff7dfa89528219d497cc0ce05ae72addd884e48d1dc0ebf87a5c6d73', 'umashev91523544@mail.ru', true, null, 1, 2, true, true, true, '2014-05-03 00:28:46.558');
INSERT INTO public.user_details (user_uuid, username, password, email, enabled, social_id, auth_provider_id, role_id, accountnonexpired, credentialsnonexpired, accountnonlocked, registration_date) VALUES ('b6346209-a7ea-4db3-8e74-bd1b5bbb6cf5',  'btest2',  '084bc6e79bfe478c549e0b2fff7dfa89528219d497cc0ce05ae72addd884e48d1dc0ebf87a5c6d73', 'umashev922352gg@mail.ru', true, null, 1, 2, true, true, true, '2014-05-03 00:28:46.558');
INSERT INTO public.user_details (user_uuid, username, password, email, enabled, social_id, auth_provider_id, role_id, accountnonexpired, credentialsnonexpired, accountnonlocked, registration_date) VALUES ('b6346209-a7ea-4db3-8e74-cd1b5bbb6cf5',  'ctest3',  '084bc6e79bfe478c549e0b2fff7dfa89528219d497cc0ce05ae72addd884e48d1dc0ebf87a5c6d73', 'umashev93123@mail.ru', true, null, 1, 2, true, true, true, '2014-05-03 00:28:46.558');
INSERT INTO public.user_details (user_uuid, username, password, email, enabled, social_id, auth_provider_id, role_id, accountnonexpired, credentialsnonexpired, accountnonlocked, registration_date) VALUES ('b6346209-a7ea-4db3-8e74-de1b5bbb6cf5',  'dtest4',  '084bc6e79bfe478c549e0b2fff7dfa89528219d497cc0ce05ae72addd884e48d1dc0ebf87a5c6d73', 'umashev94asd124@mail.ru', true, null, 1, 2, true, true, true, '2014-05-03 00:28:46.558');
INSERT INTO public.user_details (user_uuid, username, password, email, enabled, social_id, auth_provider_id, role_id, accountnonexpired, credentialsnonexpired, accountnonlocked, registration_date) VALUES ('b6346209-a7ea-4db3-8e74-ed1b5bbb6cf5',  'etest5',  '084bc6e79bfe478c549e0b2fff7dfa89528219d497cc0ce05ae72addd884e48d1dc0ebf87a5c6d73', 'umashev964cdwc35@mail.ru', true, null, 1, 2, true, true, true, '2014-05-03 00:28:46.558');
INSERT INTO public.user_details (user_uuid, username, password, email, enabled, social_id, auth_provider_id, role_id, accountnonexpired, credentialsnonexpired, accountnonlocked, registration_date) VALUES ('b6346209-a7ea-4db3-8e74-fd1b5bbb6cf5',  'rtest6',  '084bc6e79bfe478c549e0b2fff7dfa89528219d497cc0ce05ae72addd884e48d1dc0ebf87a5c6d73', 'umashev96fewd634@mail.ru', true, null, 1, 2, true, true, true, '2014-05-03 00:28:46.558');
INSERT INTO public.user_details (user_uuid, username, password, email, enabled, social_id, auth_provider_id, role_id, accountnonexpired, credentialsnonexpired, accountnonlocked, registration_date) VALUES ('b6346209-a7ea-4db3-8e74-gd1b5bbb6cf5',  'htest7',  '084bc6e79bfe478c549e0b2fff7dfa89528219d497cc0ce05ae72addd884e48d1dc0ebf87a5c6d73', 'umashev97214@mail.ru', true, null, 1, 2, true, true, true, '2014-05-03 00:28:46.558');
INSERT INTO public.user_details (user_uuid, username, password, email, enabled, social_id, auth_provider_id, role_id, accountnonexpired, credentialsnonexpired, accountnonlocked, registration_date) VALUES ('b6346209-a7ea-4db3-8e74-hd1b5bbb6cf5',  'ztest8',  '084bc6e79bfe478c549e0b2fff7dfa89528219d497cc0ce05ae72addd884e48d1dc0ebf87a5c6d73', 'umashev9943543@mail.ru', true, null, 1, 2, true, true, true, '2014-05-03 00:28:46.558');
INSERT INTO public.user_details (user_uuid, username, password, email, enabled, social_id, auth_provider_id, role_id, accountnonexpired, credentialsnonexpired, accountnonlocked, registration_date) VALUES ('b6346209-a7ea-4db3-8e74-id1b5bbb6cf5',  'xtest9',  '084bc6e79bfe478c549e0b2fff7dfa89528219d497cc0ce05ae72addd884e48d1dc0ebf87a5c6d73', 'umashev9wdcdw10@mail.ru', true, null, 1, 2, true, true, true, '2014-05-03 00:28:46.558');
INSERT INTO public.user_details (user_uuid, username, password, email, enabled, social_id, auth_provider_id, role_id, accountnonexpired, credentialsnonexpired, accountnonlocked, registration_date) VALUES ('b6346209-a7ea-4db3-8e74-jd1b5bbb6cf5',  'vtest10', '084bc6e79bfe478c549e0b2fff7dfa89528219d497cc0ce05ae72addd884e48d1dc0ebf87a5c6d73', 'umashev91cwdcdw10@mail.ru', true, null, 1, 2, true, true, true, '2014-05-03 00:28:46.558');
INSERT INTO public.user_details (user_uuid, username, password, email, enabled, social_id, auth_provider_id, role_id, accountnonexpired, credentialsnonexpired, accountnonlocked, registration_date) VALUES ('b6346209-a7ea-4db3-8e74-kd1b5bbb6cf5',  'ntest11', '084bc6e79bfe478c549e0b2fff7dfa89528219d497cc0ce05ae72addd884e48d1dc0ebf87a5c6d73', 'umashev9cewce120@mail.ru', true, null, 1, 2, true, true, true, '2014-05-03 00:28:46.558');
INSERT INTO public.user_details (user_uuid, username, password, email, enabled, social_id, auth_provider_id, role_id, accountnonexpired, credentialsnonexpired, accountnonlocked, registration_date) VALUES ('b6346209-a7ea-4db3-8e74-ld1b5bbb6cf5',  'mtest12', '084bc6e79bfe478c549e0b2fff7dfa89528219d497cc0ce05ae72addd884e48d1dc0ebf87a5c6d73', 'umashev913vrfrewg0@mail.ru', true, null, 1, 2, true, true, true, '2014-05-03 00:28:46.558');
INSERT INTO public.user_details (user_uuid, username, password, email, enabled, social_id, auth_provider_id, role_id, accountnonexpired, credentialsnonexpired, accountnonlocked, registration_date) VALUES ('b6346209-a7ea-4db3-8e74-md1b5bbb6cf5',  'ktest13', '084bc6e79bfe478c549e0b2fff7dfa89528219d497cc0ce05ae72addd884e48d1dc0ebf87a5c6d73', 'umashev91evre40@mail.ru', true, null, 1, 2, true, true, true, '2014-05-03 00:28:46.558');
INSERT INTO public.user_details (user_uuid, username, password, email, enabled, social_id, auth_provider_id, role_id, accountnonexpired, credentialsnonexpired, accountnonlocked, registration_date) VALUES ('b6346209-a7ea-4db3-8e74-nd1b5bbb6cf5',  'itest14', '084bc6e79bfe478c549e0b2fff7dfa89528219d497cc0ce05ae72addd884e48d1dc0ebf87a5c6d73', 'umashev91wegweg50@mail.ru', true, null, 1, 2, true, true, true, '2014-05-03 00:28:46.558');
INSERT INTO public.user_details (user_uuid, username, password, email, enabled, social_id, auth_provider_id, role_id, accountnonexpired, credentialsnonexpired, accountnonlocked, registration_date) VALUES ('b6346209-a7ea-4db3-8e74-od1b5bbb6cf5',  'ytest15', '084bc6e79bfe478c549e0b2fff7dfa89528219d497cc0ce05ae72addd884e48d1dc0ebf87a5c6d73', 'umashev19wegwg60@mail.ru', true, null, 1, 2, true, true, true, '2014-05-03 00:28:46.558');
INSERT INTO public.user_details (user_uuid, username, password, email, enabled, social_id, auth_provider_id, role_id, accountnonexpired, credentialsnonexpired, accountnonlocked, registration_date) VALUES ('b6346209-a7ea-4db3-8e74-pd1b5bbb6cf5',  'wtest16', '084bc6e79bfe478c549e0b2fff7dfa89528219d497cc0ce05ae72addd884e48d1dc0ebf87a5c6d73', 'umashev91wdcwd60@mail.ru', true, null, 1, 2, true, true, true, '2014-05-03 00:28:46.558');
INSERT INTO public.user_details (user_uuid, username, password, email, enabled, social_id, auth_provider_id, role_id, accountnonexpired, credentialsnonexpired, accountnonlocked, registration_date) VALUES ('b6346209-a7ea-4db3-8e74-qd1b5bbb6cf5',  'qtest17', '084bc6e79bfe478c549e0b2fff7dfa89528219d497cc0ce05ae72addd884e48d1dc0ebf87a5c6d73', 'umashev91wdc70@mail.ru', true, null, 1, 2, true, true, true, '2014-05-03 00:28:46.558');
