INSERT INTO public.auth_provider (id, name) VALUES (1, 'application');
INSERT INTO public.auth_provider (id, name) VALUES (2, 'facebook');

INSERT INTO public.file_type (id, name, path) VALUES (1, 'USER_IMAGE', 'C:\\temp\\');
INSERT INTO public.file_type (id, name, path) VALUES (2, 'CATEGORY_IMAGE', 'C:\\temp\\');
INSERT INTO public.file_type (id, name, path) VALUES (3, 'GIFT_IMAGE', 'C:\\temp\\');

INSERT INTO public.file (id, name, type_id) VALUES (1, 'category_technology', 2);
INSERT INTO public.file (id, name, type_id) VALUES (2, 'category_women', 2);
INSERT INTO public.file (id, name, type_id) VALUES (3, 'category_men', 2);
INSERT INTO public.file (id, name, type_id) VALUES (4, 'category_children', 2);
INSERT INTO public.file (id, name, type_id) VALUES (5, 'category_big_price', 2);
INSERT INTO public.file (id, name, type_id) VALUES (6, 'iphone4', 3);
INSERT INTO public.file (id, name, type_id) VALUES (7, 'iphone4s', 3);
INSERT INTO public.file (id, name, type_id) VALUES (8, 'iphone5c', 3);
INSERT INTO public.file (id, name, type_id) VALUES (9, 'iphone5s', 3);
INSERT INTO public.file (id, name, type_id) VALUES (10, 'user_no_photo', 1);

INSERT INTO public.gift_category (id, code, name, description, file_id) VALUES (1, 'tech', 'Технологии', 'Технологические новинки и прочее барахло', 1);
INSERT INTO public.gift_category (id, code, name, description, file_id) VALUES (2, 'women', 'Для слабого пола', 'Женские штучк-дрючки', 2);
INSERT INTO public.gift_category (id, code, name, description, file_id) VALUES (3, 'man', 'Для сильного пола', 'Лучший мужской подарок', 3);
INSERT INTO public.gift_category (id, code, name, description, file_id) VALUES (4, 'children', 'Дети - цветы жизни', 'Цветы детям не надо дарить, но конструктор Lego - вполне!', 4);
INSERT INTO public.gift_category (id, code, name, description, file_id) VALUES (5, 'expensive', 'Дорого и бесценно', 'Подарок бесценнен, а дорогой подарок еще дороже', 5);


INSERT INTO public.shop (uuid, name, description) VALUES ('510de47e-3477-426e-96fe-c99c58af431a', 'Shop Number 1', 'Some Description 1');
INSERT INTO public.shop (uuid, name, description) VALUES ('510de47e-3477-426e-96fe-c99c58af452b', 'Shop Number 2', 'Some Description 2');
INSERT INTO public.shop (uuid, name, description) VALUES ('510de47e-3477-426e-96fe-c99c58af483c', 'Shop Number 3', 'Some Description 3');
INSERT INTO public.shop (uuid, name, description) VALUES ('510de47e-3477-426e-96fe-c99c58af414d', 'Shop Number 4', 'Some Description 4');


INSERT INTO public.gift (uuid, name, description, add_date, category_id) VALUES ('510de47e-3477-426e-96fe-c99c58af464a', 'iPhone 4',  'Супер новмодный телефон - будь как все!', now(),                 1);
INSERT INTO public.gift (uuid, name, description, add_date, category_id) VALUES ('510de47e-3477-426e-96fe-c99c58af464b', 'iPhone 4s', 'Супер новмодный телефон - будь как все!', '2014-01-13 13:29:14', 1);
INSERT INTO public.gift (uuid, name, description, add_date, category_id) VALUES ('510de47e-3477-426e-96fe-c99c58af464c', 'iPhone 5c', 'Супер новмодный телефон - будь как все!', '2013-02-13 13:29:14', 1);
INSERT INTO public.gift (uuid, name, description, add_date, category_id) VALUES ('510de47e-3477-426e-96fe-c99c58af464d', 'iPhone 5s', 'Супер новмодный телефон - будь как все!', '2012-02-13 13:29:14', 1);

INSERT INTO public.gift_shop (uuid, shop_uuid, gift_uuid, price, discount) VALUES ('510de47e-3477-426e-96fe-c99c183f561s', '510de47e-3477-426e-96fe-c99c58af431a', '510de47e-3477-426e-96fe-c99c58af464a', '100', 0);
INSERT INTO public.gift_shop (uuid, shop_uuid, gift_uuid, price, discount) VALUES ('510de47e-3477-426e-96fe-c99c58ae152b', '510de47e-3477-426e-96fe-c99c58af452b', '510de47e-3477-426e-96fe-c99c58af464b', '110', 0);
INSERT INTO public.gift_shop (uuid, shop_uuid, gift_uuid, price, discount) VALUES ('510de47e-3477-426e-96fe-c99c58ab283c', '510de47e-3477-426e-96fe-c99c58af483c', '510de47e-3477-426e-96fe-c99c58af464c', '111', 0);
INSERT INTO public.gift_shop (uuid, shop_uuid, gift_uuid, price, discount) VALUES ('510de47e-3477-426e-96fe-c99c58as314d', '510de47e-3477-426e-96fe-c99c58af414d', '510de47e-3477-426e-96fe-c99c58af464d', '001', 0);

INSERT INTO public.gift_files (id, file_id, gift_uuid) VALUES (1, 6, '510de47e-3477-426e-96fe-c99c58af464a');
INSERT INTO public.gift_files (id, file_id, gift_uuid) VALUES (2, 7, '510de47e-3477-426e-96fe-c99c58af464b');
INSERT INTO public.gift_files (id, file_id, gift_uuid) VALUES (3, 8, '510de47e-3477-426e-96fe-c99c58af464c');
INSERT INTO public.gift_files (id, file_id, gift_uuid) VALUES (4, 9, '510de47e-3477-426e-96fe-c99c58af464d');

INSERT INTO public.message_status (id, status) VALUES (1, 'new');
INSERT INTO public.message_status (id, status) VALUES (2, 'read');

INSERT INTO public.users (uuid, username, first_name, last_name, middle_name, birth_date, gender, address, address_visible, profile_visible, cellphone, cellphone_visible, file_id, registration_date, social_id, auth_provider_id, email, password, enabled) VALUES ('user000-0000-0000-0000-000000000001', 'dikkini', 'Артур', 'Карапетов', 'Григорьевич', now(), true, null, false, true, null, false, 10, now(), null, 1, 'dikkini@gmail.com', '94e2768be13e7b4840eb7ebca27cff6ff5a8445dc472b66fc1bdc595226dc8d40a3741f2aff33d57', true);
INSERT INTO public.users (uuid, username, first_name, last_name, middle_name, birth_date, gender, address, address_visible, profile_visible, cellphone, cellphone_visible, file_id, registration_date, social_id, auth_provider_id, email, password, enabled) VALUES ('user000-0000-0000-0000-000000000002', 'test2', 'Макс', 'Тестовый', null, now(), true, null, false, true, null, false, 10, now(), null, 1, 'test1@gmail.com', '94e2768be13e7b4840eb7ebca27cff6ff5a8445dc472b66fc1bdc595226dc8d40a3741f2aff33d57', true);
INSERT INTO public.users (uuid, username, first_name, last_name, middle_name, birth_date, gender, address, address_visible, profile_visible, cellphone, cellphone_visible, file_id, registration_date, social_id, auth_provider_id, email, password, enabled) VALUES ('user000-0000-0000-0000-000000000003', 'test3', 'Антон', 'Тестовый', null, now(), true, null, false, true, null, false, 10, now(), null, 1, 'test2@gmail.com', '94e2768be13e7b4840eb7ebca27cff6ff5a8445dc472b66fc1bdc595226dc8d40a3741f2aff33d57', true);
INSERT INTO public.users (uuid, username, first_name, last_name, middle_name, birth_date, gender, address, address_visible, profile_visible, cellphone, cellphone_visible, file_id, registration_date, social_id, auth_provider_id, email, password, enabled) VALUES ('user000-0000-0000-0000-000000000004', 'test4', 'Кирилл', 'Тестовый', null, now(), true, null, false, true, null, false, 10, now(), null, 1, 'test3@gmail.com', '94e2768be13e7b4840eb7ebca27cff6ff5a8445dc472b66fc1bdc595226dc8d40a3741f2aff33d57', true);
INSERT INTO public.users (uuid, username, first_name, last_name, middle_name, birth_date, gender, address, address_visible, profile_visible, cellphone, cellphone_visible, file_id, registration_date, social_id, auth_provider_id, email, password, enabled) VALUES ('user000-0000-0000-0000-000000000005', 'test5', 'Олег', 'Тестовый', null, now(), true, null, false, true, null, false, 10, now(), null, 1, 'test4@gmail.com', '94e2768be13e7b4840eb7ebca27cff6ff5a8445dc472b66fc1bdc595226dc8d40a3741f2aff33d57', true);
INSERT INTO public.users (uuid, username, first_name, last_name, middle_name, birth_date, gender, address, address_visible, profile_visible, cellphone, cellphone_visible, file_id, registration_date, social_id, auth_provider_id, email, password, enabled) VALUES ('user000-0000-0000-0000-000000000006', 'test6', 'Петр', 'Тестовый', null, now(), true, null, false, true, null, false, 10, now(), null, 1, 'test5@gmail.com', '94e2768be13e7b4840eb7ebca27cff6ff5a8445dc472b66fc1bdc595226dc8d40a3741f2aff33d57', true);
INSERT INTO public.users (uuid, username, first_name, last_name, middle_name, birth_date, gender, address, address_visible, profile_visible, cellphone, cellphone_visible, file_id, registration_date, social_id, auth_provider_id, email, password, enabled) VALUES ('user000-0000-0000-0000-000000000007', 'test7', 'Илья', 'Тестовый', null, now(), true, null, false, true, null, false, 10, now(), null, 1, 'test6@gmail.com', '94e2768be13e7b4840eb7ebca27cff6ff5a8445dc472b66fc1bdc595226dc8d40a3741f2aff33d57', true);
INSERT INTO public.users (uuid, username, first_name, last_name, middle_name, birth_date, gender, address, address_visible, profile_visible, cellphone, cellphone_visible, file_id, registration_date, social_id, auth_provider_id, email, password, enabled) VALUES ('user000-0000-0000-0000-000000000008', 'test8', 'Лида', 'Тестовая', null, now(), true, null, false, true, null, false, 10, now(), null, 1, 'test7@gmail.com', '94e2768be13e7b4840eb7ebca27cff6ff5a8445dc472b66fc1bdc595226dc8d40a3741f2aff33d57', true);
INSERT INTO public.users (uuid, username, first_name, last_name, middle_name, birth_date, gender, address, address_visible, profile_visible, cellphone, cellphone_visible, file_id, registration_date, social_id, auth_provider_id, email, password, enabled) VALUES ('user000-0000-0000-0000-000000000009', 'test9', 'Маша', 'Тестовая', null, now(), true, null, false, true, null, false, 10, now(), null, 1, 'test8@gmail.com', '94e2768be13e7b4840eb7ebca27cff6ff5a8445dc472b66fc1bdc595226dc8d40a3741f2aff33d57', true);
INSERT INTO public.users (uuid, username, first_name, last_name, middle_name, birth_date, gender, address, address_visible, profile_visible, cellphone, cellphone_visible, file_id, registration_date, social_id, auth_provider_id, email, password, enabled) VALUES ('user000-0000-0000-0000-0000000000010', 'tes10', 'Таня', 'Тестовая', null, now(), true, null, false, true, null, false, 10, now(), null, 1, 'test9@gmail.com', '94e2768be13e7b4840eb7ebca27cff6ff5a8445dc472b66fc1bdc595226dc8d40a3741f2aff33d57', true);
INSERT INTO public.users (uuid, username, first_name, last_name, middle_name, birth_date, gender, address, address_visible, profile_visible, cellphone, cellphone_visible, file_id, registration_date, social_id, auth_provider_id, email, password, enabled) VALUES ('user000-0000-0000-0000-0000000000011', 'tes11', 'Ксюша', 'Тестовая', null, now(), true, null, false, true, null, false, 10, now(), null, 1, 'test10@gmail.com', '94e2768be13e7b4840eb7ebca27cff6ff5a8445dc472b66fc1bdc595226dc8d40a3741f2aff33d57', true);
INSERT INTO public.users (uuid, username, first_name, last_name, middle_name, birth_date, gender, address, address_visible, profile_visible, cellphone, cellphone_visible, file_id, registration_date, social_id, auth_provider_id, email, password, enabled) VALUES ('user000-0000-0000-0000-0000000000012', 'tes12', 'Андрей', 'Тестовый', null, now(), true, null, false, true, null, false, 10, now(), null, 1, 'test11@gmail.com', '94e2768be13e7b4840eb7ebca27cff6ff5a8445dc472b66fc1bdc595226dc8d40a3741f2aff33d57', true);
INSERT INTO public.users (uuid, username, first_name, last_name, middle_name, birth_date, gender, address, address_visible, profile_visible, cellphone, cellphone_visible, file_id, registration_date, social_id, auth_provider_id, email, password, enabled) VALUES ('user000-0000-0000-0000-0000000000013', 'tes13', 'Леонид', 'Тестовый', null, now(), true, null, false, true, null, false, 10, now(), null, 1, 'test12@gmail.com', '94e2768be13e7b4840eb7ebca27cff6ff5a8445dc472b66fc1bdc595226dc8d40a3741f2aff33d57', true);
INSERT INTO public.users (uuid, username, first_name, last_name, middle_name, birth_date, gender, address, address_visible, profile_visible, cellphone, cellphone_visible, file_id, registration_date, social_id, auth_provider_id, email, password, enabled) VALUES ('user000-0000-0000-0000-0000000000014', 'tes14', 'Николай', 'Тестовый', null, now(), true, null, false, true, null, false, 10, now(), null, 1, 'test13@gmail.com', '94e2768be13e7b4840eb7ebca27cff6ff5a8445dc472b66fc1bdc595226dc8d40a3741f2aff33d57', true);
INSERT INTO public.users (uuid, username, first_name, last_name, middle_name, birth_date, gender, address, address_visible, profile_visible, cellphone, cellphone_visible, file_id, registration_date, social_id, auth_provider_id, email, password, enabled) VALUES ('user000-0000-0000-0000-0000000000015', 'tes15', 'Иван', 'Тестовый', null, now(), true, null, false, true, null, false, 10, now(), null, 1, 'test14@gmail.com', '94e2768be13e7b4840eb7ebca27cff6ff5a8445dc472b66fc1bdc595226dc8d40a3741f2aff33d57', true);
INSERT INTO public.users (uuid, username, first_name, last_name, middle_name, birth_date, gender, address, address_visible, profile_visible, cellphone, cellphone_visible, file_id, registration_date, social_id, auth_provider_id, email, password, enabled) VALUES ('user000-0000-0000-0000-0000000000016', 'tes16', 'Дима', 'Тестовый', null, now(), true, null, false, true, null, false, 10, now(), null, 1, 'test15@gmail.com', '94e2768be13e7b4840eb7ebca27cff6ff5a8445dc472b66fc1bdc595226dc8d40a3741f2aff33d57', true);
INSERT INTO public.users (uuid, username, first_name, last_name, middle_name, birth_date, gender, address, address_visible, profile_visible, cellphone, cellphone_visible, file_id, registration_date, social_id, auth_provider_id, email, password, enabled) VALUES ('user000-0000-0000-0000-0000000000017', 'tes17', 'Саша', 'Тестовый', null, now(), true, null, false, true, null, false, 10, now(), null, 1, 'test16@gmail.com', '94e2768be13e7b4840eb7ebca27cff6ff5a8445dc472b66fc1bdc595226dc8d40a3741f2aff33d57', true);
INSERT INTO public.users (uuid, username, first_name, last_name, middle_name, birth_date, gender, address, address_visible, profile_visible, cellphone, cellphone_visible, file_id, registration_date, social_id, auth_provider_id, email, password, enabled) VALUES ('user000-0000-0000-0000-0000000000018', 'tes18', 'Миша', 'Тестовый', null, now(), true, null, false, true, null, false, 10, now(), null, 1, 'test17@gmail.com', '94e2768be13e7b4840eb7ebca27cff6ff5a8445dc472b66fc1bdc595226dc8d40a3741f2aff33d57', true);
INSERT INTO public.users (uuid, username, first_name, last_name, middle_name, birth_date, gender, address, address_visible, profile_visible, cellphone, cellphone_visible, file_id, registration_date, social_id, auth_provider_id, email, password, enabled) VALUES ('user000-0000-0000-0000-0000000000019', 'tes19', 'Ренат', 'Тестовый', null, now(), true, null, false, true, null, false, 10, now(), null, 1, 'test18@gmail.com', '94e2768be13e7b4840eb7ebca27cff6ff5a8445dc472b66fc1bdc595226dc8d40a3741f2aff33d57', true);
INSERT INTO public.users (uuid, username, first_name, last_name, middle_name, birth_date, gender, address, address_visible, profile_visible, cellphone, cellphone_visible, file_id, registration_date, social_id, auth_provider_id, email, password, enabled) VALUES ('user000-0000-0000-0000-0000000000020', 'tes20', 'Артем', 'Тестовый', null, now(), true, null, false, true, null, false, 10, now(), null, 1, 'test19@gmail.com', '94e2768be13e7b4840eb7ebca27cff6ff5a8445dc472b66fc1bdc595226dc8d40a3741f2aff33d57', true);
INSERT INTO public.users (uuid, username, first_name, last_name, middle_name, birth_date, gender, address, address_visible, profile_visible, cellphone, cellphone_visible, file_id, registration_date, social_id, auth_provider_id, email, password, enabled) VALUES ('user000-0000-0000-0000-0000000000021', 'tes21', 'Валерий', 'Тестовый', null, now(), true, null, false, true, null, false, 10, now(), null, 1, 'test20@gmail.com', '94e2768be13e7b4840eb7ebca27cff6ff5a8445dc472b66fc1bdc595226dc8d40a3741f2aff33d57', true);
INSERT INTO public.users (uuid, username, first_name, last_name, middle_name, birth_date, gender, address, address_visible, profile_visible, cellphone, cellphone_visible, file_id, registration_date, social_id, auth_provider_id, email, password, enabled) VALUES ('user000-0000-0000-0000-0000000000022', 'tes22', 'Юрий', 'Тестовый', null, now(), true, null, false, true, null, false, 10, now(), null, 1, 'test21@gmail.com', '94e2768be13e7b4840eb7ebca27cff6ff5a8445dc472b66fc1bdc595226dc8d40a3741f2aff33d57', true);
INSERT INTO public.users (uuid, username, first_name, last_name, middle_name, birth_date, gender, address, address_visible, profile_visible, cellphone, cellphone_visible, file_id, registration_date, social_id, auth_provider_id, email, password, enabled) VALUES ('user000-0000-0000-0000-0000000000023', 'tes23', 'Юля', 'Тестовая', null, now(), true, null, false, true, null, false, 10, now(), null, 1, 'test22@gmail.com', '94e2768be13e7b4840eb7ebca27cff6ff5a8445dc472b66fc1bdc595226dc8d40a3741f2aff33d57', true);
INSERT INTO public.users (uuid, username, first_name, last_name, middle_name, birth_date, gender, address, address_visible, profile_visible, cellphone, cellphone_visible, file_id, registration_date, social_id, auth_provider_id, email, password, enabled) VALUES ('user000-0000-0000-0000-0000000000024', 'tes24', 'Григорий', 'Тестовый', null, now(), true, null, false, true, null, false, 10, now(), null, 1, 'test23@gmail.com', '94e2768be13e7b4840eb7ebca27cff6ff5a8445dc472b66fc1bdc595226dc8d40a3741f2aff33d57', true);
INSERT INTO public.users (uuid, username, first_name, last_name, middle_name, birth_date, gender, address, address_visible, profile_visible, cellphone, cellphone_visible, file_id, registration_date, social_id, auth_provider_id, email, password, enabled) VALUES ('user000-0000-0000-0000-0000000000025', 'tes25', 'Карина', 'Тестовая', null, now(), true, null, false, true, null, false, 10, now(), null, 1, 'test24@gmail.com', '94e2768be13e7b4840eb7ebca27cff6ff5a8445dc472b66fc1bdc595226dc8d40a3741f2aff33d57', true);
INSERT INTO public.users (uuid, username, first_name, last_name, middle_name, birth_date, gender, address, address_visible, profile_visible, cellphone, cellphone_visible, file_id, registration_date, social_id, auth_provider_id, email, password, enabled) VALUES ('user000-0000-0000-0000-0000000000026', 'tes26', 'Лена', 'Тестовая', null, now(), true, null, false, true, null, false, 10, now(), null, 1, 'test25@gmail.com', '94e2768be13e7b4840eb7ebca27cff6ff5a8445dc472b66fc1bdc595226dc8d40a3741f2aff33d57', true);
INSERT INTO public.users (uuid, username, first_name, last_name, middle_name, birth_date, gender, address, address_visible, profile_visible, cellphone, cellphone_visible, file_id, registration_date, social_id, auth_provider_id, email, password, enabled) VALUES ('user000-0000-0000-0000-0000000000027', 'tes27', 'Оксана', 'Тестовая', null, now(), true, null, false, true, null, false, 10, now(), null, 1, 'test26@gmail.com', '94e2768be13e7b4840eb7ebca27cff6ff5a8445dc472b66fc1bdc595226dc8d40a3741f2aff33d57', true);
INSERT INTO public.users (uuid, username, first_name, last_name, middle_name, birth_date, gender, address, address_visible, profile_visible, cellphone, cellphone_visible, file_id, registration_date, social_id, auth_provider_id, email, password, enabled) VALUES ('user000-0000-0000-0000-0000000000028', 'tes28', 'Лиза', 'Тестовая', null, now(), true, null, false, true, null, false, 10, now(), null, 1, 'test27@gmail.com', '94e2768be13e7b4840eb7ebca27cff6ff5a8445dc472b66fc1bdc595226dc8d40a3741f2aff33d57', true);
INSERT INTO public.users (uuid, username, first_name, last_name, middle_name, birth_date, gender, address, address_visible, profile_visible, cellphone, cellphone_visible, file_id, registration_date, social_id, auth_provider_id, email, password, enabled) VALUES ('user000-0000-0000-0000-0000000000029', 'tes29', 'Света', 'Тестовая', null, now(), true, null, false, true, null, false, 10, now(), null, 1, 'test28@gmail.com', '94e2768be13e7b4840eb7ebca27cff6ff5a8445dc472b66fc1bdc595226dc8d40a3741f2aff33d57', true);
INSERT INTO public.users (uuid, username, first_name, last_name, middle_name, birth_date, gender, address, address_visible, profile_visible, cellphone, cellphone_visible, file_id, registration_date, social_id, auth_provider_id, email, password, enabled) VALUES ('user000-0000-0000-0000-0000000000030', 'tes30', 'Катя', 'Тестовая', null, now(), true, null, false, true, null, false, 10, now(), null, 1, 'test29@gmail.com', '94e2768be13e7b4840eb7ebca27cff6ff5a8445dc472b66fc1bdc595226dc8d40a3741f2aff33d57', true);
INSERT INTO public.users (uuid, username, first_name, last_name, middle_name, birth_date, gender, address, address_visible, profile_visible, cellphone, cellphone_visible, file_id, registration_date, social_id, auth_provider_id, email, password, enabled) VALUES ('user000-0000-0000-0000-0000000000031', 'tes31', 'Даша', 'Тестовая', null, now(), true, null, false, true, null, false, 10, now(), null, 1, 'test30@gmail.com', '94e2768be13e7b4840eb7ebca27cff6ff5a8445dc472b66fc1bdc595226dc8d40a3741f2aff33d57', true);
INSERT INTO public.users (uuid, username, first_name, last_name, middle_name, birth_date, gender, address, address_visible, profile_visible, cellphone, cellphone_visible, file_id, registration_date, social_id, auth_provider_id, email, password, enabled) VALUES ('user000-0000-0000-0000-0000000000032', 'tes32', 'Оля', 'Тестовая', null, now(), true, null, false, true, null, false, 10, now(), null, 1, 'test31@gmail.com', '94e2768be13e7b4840eb7ebca27cff6ff5a8445dc472b66fc1bdc595226dc8d40a3741f2aff33d57', true);
INSERT INTO public.users (uuid, username, first_name, last_name, middle_name, birth_date, gender, address, address_visible, profile_visible, cellphone, cellphone_visible, file_id, registration_date, social_id, auth_provider_id, email, password, enabled) VALUES ('user000-0000-0000-0000-0000000000033', 'tes33', 'Коля', 'Тестовый', null, now(), true, null, false, true, null, false, 10, now(), null, 1, 'test32@gmail.com', '94e2768be13e7b4840eb7ebca27cff6ff5a8445dc472b66fc1bdc595226dc8d40a3741f2aff33d57', true);
INSERT INTO public.users (uuid, username, first_name, last_name, middle_name, birth_date, gender, address, address_visible, profile_visible, cellphone, cellphone_visible, file_id, registration_date, social_id, auth_provider_id, email, password, enabled) VALUES ('user000-0000-0000-0000-0000000000034', 'tes34', 'Дмитрий', 'Тестовый', null, now(), true, null, false, true, null, false, 10, now(), null, 1, 'test33@gmail.com', '94e2768be13e7b4840eb7ebca27cff6ff5a8445dc472b66fc1bdc595226dc8d40a3741f2aff33d57', true);
INSERT INTO public.users (uuid, username, first_name, last_name, middle_name, birth_date, gender, address, address_visible, profile_visible, cellphone, cellphone_visible, file_id, registration_date, social_id, auth_provider_id, email, password, enabled) VALUES ('user000-0000-0000-0000-0000000000035', 'tes35', 'Сюзана', 'Тестовая', null, now(), true, null, false, true, null, false, 10, now(), null, 1, 'test34@gmail.com', '94e2768be13e7b4840eb7ebca27cff6ff5a8445dc472b66fc1bdc595226dc8d40a3741f2aff33d57', true);
INSERT INTO public.users (uuid, username, first_name, last_name, middle_name, birth_date, gender, address, address_visible, profile_visible, cellphone, cellphone_visible, file_id, registration_date, social_id, auth_provider_id, email, password, enabled) VALUES ('user000-0000-0000-0000-0000000000036', 'tes36', 'Карине', 'Тестовая', null, now(), true, null, false, true, null, false, 10, now(), null, 1, 'test35@gmail.com', '94e2768be13e7b4840eb7ebca27cff6ff5a8445dc472b66fc1bdc595226dc8d40a3741f2aff33d57', true);
INSERT INTO public.users (uuid, username, first_name, last_name, middle_name, birth_date, gender, address, address_visible, profile_visible, cellphone, cellphone_visible, file_id, registration_date, social_id, auth_provider_id, email, password, enabled) VALUES ('user000-0000-0000-0000-0000000000037', 'tes37', 'Наташа', 'Тестовая', null, now(), true, null, false, true, null, false, 10, now(), null, 1, 'test36@gmail.com', '94e2768be13e7b4840eb7ebca27cff6ff5a8445dc472b66fc1bdc595226dc8d40a3741f2aff33d57', true);
INSERT INTO public.users (uuid, username, first_name, last_name, middle_name, birth_date, gender, address, address_visible, profile_visible, cellphone, cellphone_visible, file_id, registration_date, social_id, auth_provider_id, email, password, enabled) VALUES ('user000-0000-0000-0000-0000000000038', 'tes38', 'Ира', 'Тестовая', null, now(), true, null, false, true, null, false, 10, now(), null, 1, 'test37@gmail.com', '94e2768be13e7b4840eb7ebca27cff6ff5a8445dc472b66fc1bdc595226dc8d40a3741f2aff33d57', true);
INSERT INTO public.users (uuid, username, first_name, last_name, middle_name, birth_date, gender, address, address_visible, profile_visible, cellphone, cellphone_visible, file_id, registration_date, social_id, auth_provider_id, email, password, enabled) VALUES ('user000-0000-0000-0000-0000000000039', 'tes39', 'Ольга', 'Тестовая', null, now(), true, null, false, true, null, false, 10, now(), null, 1, 'test38@gmail.com', '94e2768be13e7b4840eb7ebca27cff6ff5a8445dc472b66fc1bdc595226dc8d40a3741f2aff33d57', true);
INSERT INTO public.users (uuid, username, first_name, last_name, middle_name, birth_date, gender, address, address_visible, profile_visible, cellphone, cellphone_visible, file_id, registration_date, social_id, auth_provider_id, email, password, enabled) VALUES ('user000-0000-0000-0000-0000000000040', 'tes40', 'Светлана', 'Тестовая', null, now(), true, null, false, true, null, false, 10, now(), null, 1, 'test39@gmail.com', '94e2768be13e7b4840eb7ebca27cff6ff5a8445dc472b66fc1bdc595226dc8d40a3741f2aff33d57', true);
INSERT INTO public.users (uuid, username, first_name, last_name, middle_name, birth_date, gender, address, address_visible, profile_visible, cellphone, cellphone_visible, file_id, registration_date, social_id, auth_provider_id, email, password, enabled) VALUES ('user000-0000-0000-0000-0000000000041', 'tes41', 'Танька', 'Тестовая', null, now(), true, null, false, true, null, false, 10, now(), null, 1, 'test40@gmail.com', '94e2768be13e7b4840eb7ebca27cff6ff5a8445dc472b66fc1bdc595226dc8d40a3741f2aff33d57', true);
INSERT INTO public.user_roles (user_role_id, username, role) VALUES (1, 'dikkini', 'user');
INSERT INTO public.user_roles (user_role_id, username, role) VALUES (2, 'test2', 'user');
INSERT INTO public.user_roles (user_role_id, username, role) VALUES (3, 'test3', 'user');
INSERT INTO public.user_roles (user_role_id, username, role) VALUES (4, 'test4', 'user');
INSERT INTO public.user_roles (user_role_id, username, role) VALUES (5, 'test5', 'user');
INSERT INTO public.user_roles (user_role_id, username, role) VALUES (6, 'test6', 'user');
INSERT INTO public.user_roles (user_role_id, username, role) VALUES (7, 'test7', 'user');
INSERT INTO public.user_roles (user_role_id, username, role) VALUES (8, 'test8', 'user');
INSERT INTO public.user_roles (user_role_id, username, role) VALUES (9, 'test9', 'user');
INSERT INTO public.user_roles (user_role_id, username, role) VALUES (10, 'tes10', 'user');
INSERT INTO public.user_roles (user_role_id, username, role) VALUES (11, 'tes11', 'user');
INSERT INTO public.user_roles (user_role_id, username, role) VALUES (12, 'tes12', 'user');
INSERT INTO public.user_roles (user_role_id, username, role) VALUES (13, 'tes13', 'user');
INSERT INTO public.user_roles (user_role_id, username, role) VALUES (14, 'tes14', 'user');
INSERT INTO public.user_roles (user_role_id, username, role) VALUES (15, 'tes15', 'user');
INSERT INTO public.user_roles (user_role_id, username, role) VALUES (16, 'tes16', 'user');
INSERT INTO public.user_roles (user_role_id, username, role) VALUES (17, 'tes17', 'user');
INSERT INTO public.user_roles (user_role_id, username, role) VALUES (18, 'tes18', 'user');
INSERT INTO public.user_roles (user_role_id, username, role) VALUES (19, 'tes19', 'user');
INSERT INTO public.user_roles (user_role_id, username, role) VALUES (20, 'tes20', 'user');
INSERT INTO public.user_roles (user_role_id, username, role) VALUES (21, 'tes21', 'user');
INSERT INTO public.user_roles (user_role_id, username, role) VALUES (22, 'tes22', 'user');
INSERT INTO public.user_roles (user_role_id, username, role) VALUES (23, 'tes23', 'user');
INSERT INTO public.user_roles (user_role_id, username, role) VALUES (24, 'tes24', 'user');
INSERT INTO public.user_roles (user_role_id, username, role) VALUES (25, 'tes25', 'user');
INSERT INTO public.user_roles (user_role_id, username, role) VALUES (26, 'tes26', 'user');
INSERT INTO public.user_roles (user_role_id, username, role) VALUES (27, 'tes27', 'user');
INSERT INTO public.user_roles (user_role_id, username, role) VALUES (28, 'tes28', 'user');
INSERT INTO public.user_roles (user_role_id, username, role) VALUES (29, 'tes29', 'user');
INSERT INTO public.user_roles (user_role_id, username, role) VALUES (30, 'tes30', 'user');
INSERT INTO public.user_roles (user_role_id, username, role) VALUES (31, 'tes31', 'user');
INSERT INTO public.user_roles (user_role_id, username, role) VALUES (32, 'tes32', 'user');
INSERT INTO public.user_roles (user_role_id, username, role) VALUES (33, 'tes33', 'user');
INSERT INTO public.user_roles (user_role_id, username, role) VALUES (34, 'tes34', 'user');
INSERT INTO public.user_roles (user_role_id, username, role) VALUES (35, 'tes35', 'user');
INSERT INTO public.user_roles (user_role_id, username, role) VALUES (36, 'tes36', 'user');
INSERT INTO public.user_roles (user_role_id, username, role) VALUES (37, 'tes37', 'user');
INSERT INTO public.user_roles (user_role_id, username, role) VALUES (38, 'tes38', 'user');
INSERT INTO public.user_roles (user_role_id, username, role) VALUES (39, 'tes39', 'user');
INSERT INTO public.user_roles (user_role_id, username, role) VALUES (40, 'tes40', 'user');